time_hrs,v1,a1,w1,h1,m1,T1,v2,a2,w2,h2,m2,T2,v3,a3,w3,h3,m3,T3,v4,a4,w4,h4,m4,T4,v5,a5,w5,h5,m5,T5,v6,a6,w6,h6,m6,T6,v7,a7,w7,h7,m7,T7
-3.99905555415899,0.155574439247006,0.413779413924911,0.307704000972881,-0.180825382227842,NaN,17.6025533333333,0.101603835414139,0.32179003385879,0.218468409982082,-0.0563554092965859,NaN,17.1794133333333,0.248007014071568,0.44241127688195,0.255722395165721,-0.0701994301994302,NaN,15.4638533333333,0.145097900269974,0.376699069739003,0.239717305488348,-0.106759373349762,0.00213225381689508,19.2139133333333,-0.00360495053948262,-0.0056902681532599,-0.0289214179298602,0.199657240788346,0.00667166856623869,15.88786,0.31915847453593,0.283925937436728,0.148212445071339,0.0135156128631351,NaN,18.19008,8689.23107370839,3297.48362586859,42.277643768997,12.9350079027356,0.684281319206036,16.7074666666667
-3.93183333054185,0.181876864541349,0.452802779544968,0.325307065547854,-0.177606621450741,NaN,17.56553,0.0549312909137363,0.269403644163408,0.19592822457088,-0.0674619498148911,NaN,16.41608,0.20173174434336,0.362362581685915,0.233748397729354,-0.0735042735042736,NaN,15.4634166666667,0.179212025753313,0.386851849598547,0.240863364319369,-0.0699700756908994,-0.00211377963669845,18.9058766666667,-0.00941246669104334,-0.00676045813780735,-0.0328942701066521,0.181769494430163,0.007050759665717,15.8504366666667,0.293262543510569,0.215161362084462,0.119893668963272,0.0147584278390556,0.00916937562765496,17.7424466666667,8495.03546873901,3155.94979615315,40.9769167173252,12.9510662613982,0.684953017266373,16.5056166666667
-3.79738888610154,0.160822959148348,0.398589296905161,0.297883983947464,-0.139441315093689,NaN,16.7846733333333,0.00112626119719605,0.166966683199154,0.13464384948973,-0.0633484162895926,NaN,15.3198033333333,0.197381556119294,0.33449218575489,0.219831532686321,-0.0746438746438747,NaN,15.37516,0.205524752598542,0.426983098117672,0.263243346491787,-0.108959690195388,-0.010167098104288,18.5348166666667,-0.0179713642103102,-0.0213532876525706,-0.0341712583063354,0.158311910882605,0.0062196877313434,15.6624566666667,0.269126285674835,0.20852149672927,0.11126783486139,-0.0411682460773651,0.0102632524619701,17.6236866666667,8315.80893543913,3082.45184289679,40.8735410334347,12.2284401215805,0.685728316078631,16.25248
-3.73016666527838,0.138342441668644,0.309771585604076,0.259090356317645,-0.128635475341993,NaN,16.3968866666667,-0.00490585566936763,0.151745777150895,0.121452128073956,-0.064719594131359,NaN,15.5159333333333,0.168863094968054,0.304869688159816,0.190624427760484,-0.0634757834757834,NaN,15.3507566666667,0.187567562252645,0.356408588752616,0.229402776009169,-0.0403098046118641,-0.00889672864829605,18.17997,-0.0838525300768018,-0.0392645129239645,-0.0479107054177406,0.144387317909169,0.0070135717069153,15.6656766666667,0.270100806836951,0.22678940941122,0.130689524222861,-0.0939878825539847,0.010187298097408,17.21277,8326.7508794777,3142.26170340019,41.5038316109423,11.5459598784195,0.684081078641101,16.0941966666667
-3.59572222083807,0.146066752098847,0.384376272073821,0.26675179374924,-0.127141050695482,NaN,16.2736066666667,-0.00762054858203876,0.11577657192425,0.0905502609779532,-0.0717126011243659,NaN,15.4386366666667,0.193710038491193,0.327878046739184,0.207059146676433,-0.0668376068376069,NaN,15.39674,0.190799333049352,0.410178591965181,0.248185406850885,-0.0973420172504842,-0.0107811011739999,17.8662466666667,-0.0659034836106657,-0.0652271803178022,-0.0587178092557996,0.148243359040274,0.00525579719623703,15.5741666666667,0.295734388642708,0.229541784660578,0.177236478055661,-0.0921236600901042,0.00821278573975404,16.89502,8486.396890826,3121.99873994239,43.2331161094225,11.5700474164134,0.685676126887725,16.0368
-3.52794444188476,0.143185866626645,0.358233827598556,0.267785479751915,-0.114323485458099,NaN,16.40747,-0.0247110353501452,0.0598573888269625,0.0675166844114363,-0.0672562731386261,NaN,15.37475,0.219956835617267,0.314493237642681,0.195797472990295,-0.06005698005698,NaN,15.38534,0.161956262293765,0.424097094456342,0.24560677448109,-0.0964618905122339,-0.012971608977439,17.53211,-0.0579462287933894,-0.0686871536794826,-0.0652919336912053,0.152099400171379,0.00531291643241261,15.7495,-0.0462310972064137,0.083579627321237,0.0552812889925678,-0.111697995960851,0.0100562492837368,16.64478,6233.53761889681,2716.54703385707,38.8030164133739,11.3171282674772,0.685289448853594,15.9269266666667
-3.39349999744445,0.142769688499275,0.267744322567758,0.216161984677125,-0.0907000804690193,NaN,16.2890666666667,-0.0201350894441473,0.072230888691899,0.0598042016152069,-0.0532017002605238,NaN,15.4484033333333,0.208047595864401,0.297951288659397,0.195110785570408,-0.0590313390313389,NaN,15.35643,0.119305240195238,0.322833479047806,0.208328027505412,-0.0868685090653053,-0.0116939508234772,17.36808,-0.0429426672281223,-0.0440303417894848,-0.0478870574881169,0.157240788346187,0.00568473555783999,15.81217,-0.0721322685344904,0.000460943086617593,0.0203981988824391,-0.117601367096474,0.00884367114431006,16.3611533333333,6040.03608497364,2605.00315455731,37.5073075987842,11.2408510638298,0.685962631687126,15.8964033333333
-3.32627777662128,0.114309952212779,0.228892022478383,0.192448011674571,-0.0818484883319922,NaN,15.9338833333333,-0.0377812619030935,0.0324418481000204,0.0469240956659482,-0.0571781160016454,NaN,15.69052,0.215346785801657,0.301218226120538,0.191723127632302,-0.0603988603988604,NaN,15.3718833333333,0.15163804321065,0.388571267744045,0.243919521202088,-0.118113008273191,-0.00541210755382848,17.63137,-0.0484951220063118,-0.0486042493042428,-0.0632582117435618,0.153706083976007,0.00548734895615999,15.7141,-0.100706496822055,-0.0151521363459453,-0.00404166440622811,-0.105483921081249,0.00995739462354917,16.2142166666667,5917.12290657109,2491.17731712156,36.6993714285714,11.3974200607903,0.68504080072591,15.8520533333333
-3.19183333218098,0.126836125102884,0.195056611307955,0.175665815395841,-0.0818484883319922,NaN,16.6845833333333,-0.0317400678900605,0.0197730935206277,0.0380949907813759,-0.0558069381598792,NaN,15.6408766666667,0.184113774486852,0.254335436453155,0.157342977476653,-0.0595441595441595,NaN,15.37596,0.107647842190563,0.239207230237179,0.155386476505794,-0.0647773279352227,-0.00573305608361274,17.5459233333333,-0.0284196592830995,-0.0381841967182747,-0.0516707262279188,0.140531276778063,0.00533329139234784,15.7031533333333,-0.0982681220898214,-0.0497276670052285,-0.0137525090869637,-0.103308994873388,0.0079266038841328,16.1303666666667,5914.89191145697,2413.43285963013,36.3270182370821,11.4255221884499,0.685446976418699,15.8048533333333
-3.12461110856384,0.0945535307679166,0.183829527261887,0.157424297701569,-0.0871364524658007,0.00272776868521518,16.15644,-0.0344644046984351,0.0175321801353567,0.0247993975434313,-0.0478541066776361,NaN,15.66082,0.164025274027001,0.253611632417893,0.167322834645669,-0.0502564102564103,NaN,15.36949,0.161977629145752,0.349080723629681,0.214695021011079,-0.0663615560640732,-0.00346213763602443,17.0918666666667,-0.0119193495310136,-0.0197552766597371,-0.0398704093456619,0.143101970865467,0.00489518915112153,15.72998,-0.0636191582491232,-0.0371972917785875,-0.0146747680789888,-0.132359794935529,0.0094535839448977,16.0270433333333,6193.87105765584,2437.50190465731,36.2206316109423,11.0501580547112,0.686116341847756,15.7592866666667
-2.98961110878736,0.0678203394831909,0.168522782418569,0.156360209169403,-0.0815610989768939,0.0076906078287573,16.5478533333333,-0.0178063063991171,-0.00663828732973559,0.0142044716819445,-0.0414781297134238,NaN,15.5151433333333,0.177188264903676,0.289048518262727,0.171076725874382,-0.0547008547008547,NaN,15.36746,0.103058560234241,0.214855965628074,0.128740608684579,-0.0609047702869213,-0.00238039168228088,16.8957833333333,-0.00238304381917132,-0.0178054141307883,-0.0300565185518007,0.146529562982005,0.00471157410498768,15.7613366666667,-0.0561650865675513,-0.0398834724414164,-0.0129930016817664,-0.120553052664285,0.00814384501571142,15.9346733333333,6171.01224124113,2472.1212685418,36.3280218844985,11.2027124620061,0.683487455396273,15.7885766666667
-2.92294444330037,0.0685250492886311,0.173773881818697,0.123890307673598,-0.0508679158523968,0.00400885027722198,16.2993,-0.0339679882169615,-0.0100869618307691,0.010568957905944,-0.0499108734402853,NaN,15.6323133333333,0.199842329988481,0.269464734702858,0.164301409998169,-0.0521937321937322,NaN,15.4040266666667,0.08907707447531,0.190363390571485,0.132051445307526,-0.0494631226896673,-0.0251383954551762,16.9275466666667,-0.0124484982782574,0.00463599151386784,-0.0139759264076429,0.135282776349614,0.0046978025494413,15.7902033333333,-0.0654725906895738,-0.029484887136994,-0.00580480659686444,-0.136864999223241,0.00833190507897896,15.8353766666667,6047.58171198403,2444.10490868759,36.5548462006079,10.9919465045593,0.684966109390829,15.7116966666667
-2.78849999886006,0.0682051961837689,0.108200450992661,0.104858324212574,-0.0281641567996321,0.00594098672243293,16.1918233333333,-0.0265557528280254,-0.0109367254812206,0.0106208938170298,-0.0505964623611682,NaN,15.57534,0.179793292988644,0.255497780690507,0.148324482695477,-0.0528774928774928,NaN,15.4117766666667,0.0909753991530173,0.207849181890155,0.252260282694512,-0.0160183066361557,-0.0186281837189672,17.0137433333333,-0.00921290988183265,0.00217759123530104,-0.0198879088135832,0.126392459297343,0.00450041594776218,15.6262366666667,-0.0850017072051401,-0.0131624293530521,-0.00254977486030483,-0.128786701879758,0.00786099864224377,15.7739666666667,6035.52253471707,2463.98351804145,36.640156231003,11.0963258358663,0.685028822270013,15.70881
-2.72127777524292,0.0679881828666244,0.15328492270784,0.120941262313024,-0.0237958386021382,0.00264808723542997,16.0424833333333,-0.035888852778328,-0.007801639093446,0.0134254330156587,-0.0559440559440559,NaN,15.5753733333333,0.149425342449546,0.203828018085031,0.131981322102179,-0.0493447293447293,NaN,15.49153,0.0928737238307247,0.225334973208826,0.155895835986247,-0.0433022355219151,-0.015138035079051,16.7037633333333,-0.00597732148540764,0.0080496852689742,-0.0195095419396032,0.136032562125107,0.00430302934608218,15.8463633333333,-0.0615950976852704,-0.022842658766653,0.00401453914175653,-0.143855833462793,0.00809757120386756,15.7063866666667,6073.99367794818,2487.49633119096,36.8649732522796,10.9016182370821,0.686307672559548,15.7539733333333
-2.58683333080262,0.044880270948535,0.0733151247416381,0.0786513437918035,-0.0173008391769169,-0.000129678641990871,16.03069,-0.0395935447636848,-0.0145748916393938,0.00283050715417166,-0.0477169888934597,NaN,15.53343,0.149340780172107,0.198420701705413,0.122047244094488,-0.0504843304843304,NaN,15.4182866666667,0.0649059258635407,0.194980962038611,0.122691964854196,-0.0269318781904595,-0.0158945631126877,16.6496233333333,-0.00302114540352894,-0.00310902095059262,-0.019627781587722,0.15092116538132,0.00410564274440284,15.77188,-0.0346298739117009,-0.00564007649236276,0.0128573753594097,-0.10890166226503,0.00872614406768646,15.6555366666667,6283.61529411524,2582.60319995212,37.1198996960486,11.3532595744681,0.684991044290004,15.68443
-2.51961110997945,0.0263946193407698,0.0476140256822326,0.052687583606956,-0.0254626968617083,-0.00451205074699834,16.1332366666667,-0.0333994019719567,-0.00984677192293215,0.00350567399828616,-0.0436034553681612,NaN,15.4760733333333,0.121431978007751,0.15914062752454,0.116095953122139,-0.0467236467236467,NaN,15.5659866666667,0.0419211980812213,0.193788167607154,0.130077677320769,-0.0212990670656574,-0.0172428307870071,16.7753666666667,0.00194475028445651,-0.00235389566180733,-0.0176650034289497,0.13324764353042,0.00371086954104372,15.8121533333333,-0.0906986506368088,-0.041498442403354,-0.0130743774751803,-0.123194034488116,0.0070886917437174,15.5940833333333,5983.60374501547,2467.85426721243,36.4745544072948,11.168588449848,0.686400377425366,15.6787166666667
-2.384611107409,0.0481786069118824,0.0549700645073714,0.0605010336860028,0.000747212323255475,-0.00393716502640173,16.2939166666667,-0.0415716806231586,-0.00363861837893931,0.00179178893245724,-0.0479226655697244,NaN,15.64655,0.109630114657971,0.158850358404118,0.106390770921077,-0.0402279202279201,NaN,15.4354066666667,0.0378750774631675,0.153469905173475,0.114287533426716,-0.02834008097166,-0.0165908854243533,16.34529,0.00637862566959968,-0.00633664327405203,-0.014874547733346,0.120608397600686,0.00351348293936349,15.7909933333333,-0.0765434338017993,-0.0352775412558226,-0.0192589377746434,-0.106416032313189,0.0078896255473333,15.5729066666667,6065.78496853035,2422.80399824858,36.2236425531915,11.3853762917933,0.686291362323561,15.7238933333333
-2.31738888658583,0.0428711644252375,0.0323189675536628,0.0429283716405204,-0.00563283135992643,0.00115786890015901,16.3619166666667,-0.0441867941149177,-0.0205802439983638,-0.00163598119920028,-0.0571781160016454,NaN,15.6966366666667,0.121369698417334,0.13430842133365,0.098425196850394,-0.028034188034188,NaN,15.3214733333333,0.0175619614084268,0.145312652932148,0.116133961543359,-0.0873085724344306,-0.0181010962539471,16.78145,0.0129222891092844,0.0195849954806226,-0.00993213044197983,0.10497000856898,0.00331609633768437,15.7421833333333,-0.119661156491158,-0.0649767567193896,-0.0390061303097705,-0.0921236600901042,0.00717146685694936,15.5545966666667,5799.7743656053,2364.02072830236,35.3825860182371,11.5700474164134,0.6856,15.8084933333333
-2.18294444214553,0.0609777371074642,0.0693182983970004,0.0757631034902104,-0.00103460167835379,-0.000523269369175683,16.06079,-0.0488981588373808,-0.0206349952122041,0.00137630164377156,-0.0530645824763474,NaN,15.6868233333333,0.113853057158572,0.162480740667241,0.106482329243728,-0.0322507122507123,NaN,15.3841066666667,-0.00349862662632805,0.151509600510848,0.102126575830893,-0.0811476852666784,-0.0212687846235539,16.73306,0.00324422794833223,-0.00527117614741313,-0.0162461276515241,0.0959725792630677,0.00311870973600437,15.7572433333333,-0.124638613035397,-0.0773154105899333,-0.0336353279444475,-0.102532235513438,0.00750254011588747,15.5155233333333,5743.54805466681,2365.60271368307,35.4749215805471,11.4476024316109,0.686407663950148,15.7702966666667
-2.11572221852839,0.0458034181140698,0.0708912563496509,0.0650614131095706,0.00839176916886997,-0.00168518657930694,15.9639533333333,-0.0473694823245159,-0.0172239707987768,-0.00101275026617142,-0.0545728781022899,NaN,15.6616066666667,0.124945159944814,0.179367749920528,0.122413477385094,-0.0306552706552705,NaN,15.3731,-0.0282326756193109,0.119090364914056,0.0921303960269961,-0.0455905650413658,-0.0175782786982891,16.50071,0.0105634159799024,0.0069127902452657,-0.0119422044599996,0.0972579263067697,0.00292132313432503,15.7071666666667,-0.104706975277467,-0.0415101040126786,-0.00990072153203503,-0.112008699704831,0.00718875107022465,15.4829633333333,5894.77165339469,2450.03240706768,36.3039343465046,11.3131136778116,0.685866508608199,15.7271366666667
-2.04849999770522,0.0402683670519826,0.0491275250160843,0.060105800802627,0.0110357512357744,-0.00425969118689118,15.7967366666667,-0.0539691785773778,-0.0279187135211432,-0.0043885844867434,-0.0540244069655835,NaN,15.4321066666667,0.112026332862152,0.173196732092785,0.0964566929133859,-0.0306552706552705,NaN,15.3613266666667,-0.0104407044675439,0.116158048609042,0.0844900038201961,-0.031948600598486,-0.0166291257472159,16.3884166666667,0.000167287640036262,0.00166924886179021,-0.0149927873814647,0.0942587832047987,0.00272393653264502,15.6961766666667,-0.0991343931596572,-0.0564454624191489,-0.0267455107687301,-0.113096162808762,0.00584231936672275,15.49313,5854.04626840216,2358.52192179531,35.4257428571429,11.2990626139818,0.68442745866744,15.70556
-1.91405555326492,0.0219341847922234,0.0212998392326833,0.0304025294904535,0.00137946890447194,-0.0036618420217075,16.1014833333333,-0.060088051907195,-0.0289557865499108,-0.0059985977304009,-0.0437405731523379,NaN,15.37759,0.0918398192004124,0.138837204251333,0.0878959897454681,-0.0222792022792023,NaN,15.39999,-0.00774969050738494,0.0723456176245885,0.0545969693110915,-0.0463826791057912,-0.0198368322000223,16.5133,0.00995829907206325,0.00422938126616357,-0.0163170714403954,0.0927592116538132,0.0025265499309659,15.6839966666667,-0.1059127854893,-0.0933358416211072,-0.0410133998806489,-0.105794624825229,0.00600079557640543,15.4496,5876.25000349199,2327.24890060467,35.2541191489362,11.3934054711246,0.68570056470115,15.66287
-1.84738888777792,0.0220227631687639,0.0371352924675858,0.0395232883375898,-0.00264398206690442,-0.00193395949590724,16.06043,-0.0618549565880645,-0.0379179777440071,-0.00376535355371477,-0.0460715754833402,NaN,15.4549066666667,0.0899087958225564,0.114044708235934,0.0673411463101996,-0.0189173789173789,NaN,15.5285433333333,-0.0185972844109892,0.0617832316397602,0.0601999235960782,-0.0438303115648653,-0.0219156649430889,16.7778133333333,0.0127964579369961,0.0097562676847196,-0.0165535507366331,0.0955441302485003,0.00232916332928568,15.6937266666667,-0.100640445820311,-0.093683138661807,-0.0456789453697174,-0.102687587385428,0.00459279369105392,15.4605966666667,5906.33935869043,2389.48736727139,35.1457252279635,11.4335513677812,0.684280786324467,15.6888833333333
-1.7134999986738,0.0363958785409153,0.0291871992324273,0.0315578256110909,0.0087366363949879,-0.000477391088329893,15.9977166666667,-0.0704980031591608,-0.0328705565392796,-0.00571295021942941,-0.0396270396270396,NaN,15.6282566666667,0.0851115853425088,0.115084759922531,0.0644112799853507,-0.0132193732193732,NaN,15.43702,-0.00704884871583789,0.0976875091782359,0.0663440723290463,-0.0710262277767999,-0.021037061021937,16.95479,0.0364369547014345,0.0187935820717633,-0.0182325537399198,0.0862253641816624,0.0019699191742073,15.63071,-0.105463044252555,-0.079576337965202,-0.0289969077198503,-0.100823364921547,0.00557546730057923,15.4398366666667,5931.53987378106,2365.31997928579,35.7057604863222,11.4576389057751,0.684970700967699,15.6782866666667
-1.64572221972048,0.0349624457248847,0.0318927537096969,0.0350541165024931,0.0193125646626049,-0.00238918926324638,15.9106666666667,-0.0694040208779096,-0.0387720729422709,-0.00423277675348621,-0.0290689702454409,NaN,15.6441433333333,0.0748900911054138,0.113430151462079,0.0555759018494781,-0.0160683760683761,NaN,15.3861333333333,-0.0202934178043642,0.10653960458377,0.0651343435629697,-0.0804435838760782,-0.0193413237690364,16.62644,0.015714111366212,0.00338682423780368,-0.0192257667841181,0.0825835475578407,0.00173700352424655,15.6510566666667,-0.103967626893918,-0.0595987461809824,-0.0211305810231651,-0.103930402361349,0.00427079000175334,15.3837,5896.40982413293,2411.66955493162,36.1413434650456,11.4174930091185,0.684210821257427,15.67667
-1.51127777528018,0.0428730197456413,0.0557544244997947,0.0466374802383558,0.0233360156339808,-0.00246994292317548,15.8459433333333,-0.0651535782257324,-0.0350221764900148,-0.00202550053234307,-0.044906074317839,NaN,15.4500233333333,0.0658259393802518,0.110120934541175,0.0610236220472442,-0.00911680911680912,NaN,15.4105766666667,0.0151302847645702,0.128319362373538,0.0870368012224627,-0.0741066713606758,-0.016244324800251,17.0349166666667,0.0235646667503746,0.00409859454555073,-0.0153711542554449,0.0762639245929733,0.00165176853410864,15.5977233333333,-0.0951766000903469,-0.0586254816510992,-0.0314653067867413,-0.0942985862979649,0.00422271763782311,15.3633333333333,5948.9723789453,2419.12756959033,35.8362346504559,11.5419452887538,0.6834,15.6949933333333
-1.44405555166304,0.0254659120318983,0.0178595995618831,0.00687097166484252,0.0267846878951603,-0.00427281781596756,15.6954066666667,-0.0660844470154487,-0.0348190654014032,-0.00688150821885791,-0.0399012751953928,NaN,15.61685,0.0714388809645563,0.109571874467914,0.0680278337300861,-0.013105413105413,NaN,15.47199,0.0373158184861047,0.0866749855210667,0.0630650706736282,-0.0254356627354339,-0.0135234194913628,16.5674233333333,0.0229331357103406,-0.00169672864238279,-0.0136921512521577,0.0816195372750641,0.00153961692256721,15.52241,-0.0604208325298784,-0.0600881759823274,-0.0332013237129063,-0.100201957433587,0.00574642977922135,15.4337266666667,6190.02388546139,2425.17506600871,35.7178042553192,11.4656680851064,0.68425648065216,15.7267033333333
-1.30961110722274,0.0165869162992953,-0.00908680049262112,0.00109449106165638,0.0146568571100125,-0.00292429904370539,15.77598,-0.0651297573763716,-0.0347266822287544,-0.00368744968708623,-0.0215274921157275,NaN,15.6722166666667,0.0787415611331244,0.0709388477509216,0.056766160043948,-0.00581196581196586,NaN,15.45331,0.0374482997510135,0.0869161014826771,0.0554565134343563,-0.0353810948776624,-0.0103559975040468,16.55487,0.0185493778410311,0.0181120665703161,-0.00926998841251447,0.0540916880891174,0.00114484371920809,15.48418,-0.0507378478302163,-0.0478556126800352,-0.0338252047957467,-0.086530992698462,0.00443278696850657,15.3653866666667,6259.04810415456,2401.69700858323,35.719811550152,11.6423100303951,0.682887044737208,15.7653933333333
-1.24238888639957,0.0246150423908471,-0.00579727361436799,0.0115529612063723,0.00827681342683073,0.000110166858928062,15.65965,-0.0634312497750041,-0.0345764601843429,-0.00132436573268591,-0.0264637323460855,NaN,15.60831,0.0669759188404029,0.0784423717657252,0.0536531770737962,-0.00752136752136745,NaN,15.4178933333333,0.0375807810159223,0.0714951280999629,0.0561568827199797,0.0230593205421581,-0.00728417456086006,16.6163066666667,0.0105526099316362,-0.000677446285833772,-0.0145198287889895,0.0381319622964866,0.000947457117527861,15.4854033333333,-0.0633223892718123,-0.0609627493415901,-0.034421960614116,-0.086064937082492,0.00386897400922037,15.3894166666667,6115.7221964727,2409.42196407947,35.7288443768997,11.6483319148936,0.684168504716326,15.7393433333333
-1.10738888662308,0.0245601102720194,-0.00769407840473435,0.0103064574972638,0.0213817680193127,-0.00144699132763726,15.8496533333333,-0.0594495589066619,-0.0257484661557015,-0.000856942532914462,-0.0222130810366106,NaN,15.6787166666667,0.0698613495758869,0.0846695499925396,0.062213880241714,-0.00273504273504266,NaN,15.4748466666667,0.0368464469962348,0.0638372953348847,0.0439959251241564,0.0160183066361557,-0.0036648981139481,16.4799666666667,0.0152658066338511,0.0189557989740041,-0.00631399720954429,0.033204798628963,0.000848764313030825,15.4211533333333,-0.0455833021421989,-0.0418976813054841,-0.0287527803396085,-0.0741028429392575,0.00505526776809839,15.4186933333333,6333.62403261565,2473.70684987834,35.9074936170213,11.8028936170213,0.684433224536187,15.6693466666667
-1.04016666300595,0.0206108484542478,-0.0204941284759734,-0.00212817706433188,0.023680882860099,-0.00311371528925741,15.64576,-0.0532846434418626,-0.0181061970070642,-0.000908878444000116,-0.0281091457562045,NaN,15.5953133333333,0.0553211180262458,0.0652214181826287,0.0474272111334919,0.00239316239316256,NaN,15.4191366666667,0.0376417663658304,0.0455648560510709,0.0195466700623965,0.0105615208590037,-0.00263081912911578,16.77005,0.000724802877203778,0.0137555260952074,-0.0160096483552865,0.0428449014567267,0.000552684410511262,15.3910266666667,-0.0530232090382218,-0.0500998258009376,-0.025009493842565,-0.089016622650303,0.00338706912245157,15.39387,6231.76580575366,2466.48008298296,36.0158875379939,11.6101933130699,0.683819601088307,15.6713866666667
-0.905722218565643,0.0195697481072883,-0.023653587705,-0.0144412015079656,0.0190826531785262,-0.0032733224222582,15.7523566666667,-0.0554842594827937,-0.0152943749523198,-0.000649198888571512,-0.0300287947346771,NaN,15.5208233333333,0.0426536587324065,0.0671352922615769,0.0557590184947812,-0.0109401709401709,NaN,15.3365066666667,0.0371457767979468,0.0774255693975223,0.0228575066853434,-0.0242914979757085,-0.0024643865032915,16.5706866666667,0.0254874665968656,0.014032985239077,-0.01288812164495,0.0434875749785775,0.000404644211080107,15.39591,-0.0537401235142612,-0.0573863418359302,-0.0275321434383986,-0.073170731707317,0.0035870675295766,15.5029233333333,6204.07832192257,2440.74278481578,35.9105045592705,11.8169446808511,0.685163456228846,15.71617
-0.838499997742474,0.00907495393331748,-0.0331730248748527,-0.0134379180347804,0.0102310610414991,-0.00314867511524741,15.6319366666667,-0.0562628156732806,-0.0247167011265026,0.00194759666571453,-0.0281091457562045,NaN,15.47568,0.0326627490760167,0.0396223534992397,0.0281084050540195,-0.00433048433048433,NaN,15.42398,0.0287647930907911,0.0292022996084802,0.0261046733732333,-0.0191867628938566,-0.00263081912911578,16.25616,0.0234284674555114,0.032688245403629,-0.00550996760233657,0.025706940874036,0.000434252270820279,15.33533,-0.058196676390542,-0.0410289225488744,-0.0283187761080671,-0.0770545285070684,0.00252648692571489,15.77718,6193.93263946744,2458.43563695382,35.9004680851064,11.7647550151976,0.684828570566433,15.7609133333333
-0.703499997965991,0.00330946168991009,-0.0361474373581336,-0.0178158822814057,0.00281641567996305,-0.00251968524083934,15.6636966666667,-0.043942809023841,-0.0184919454117967,0.00148017346594309,-0.0153571918277801,NaN,15.59042,0.0240614643600356,0.0158046367230096,0.0223402307269731,-0.000569800569800494,NaN,15.45818,0.0580364408248812,0.0507389985498201,0.0320259773335032,-0.0233233585636332,-0.00107970065186613,16.4767566666667,0.00651013918633248,0.000485462102573608,-0.00730721025374215,0.0325621251071122,0.000157910710809395,15.34911,-0.0211680389534374,-0.0420056711891712,-0.0220799652796616,-0.0480037284449278,0.00351621006800062,15.3600866666667,6450.62919604433,2512.47042129508,36.1052121580547,12.1401191489362,0.683449169788092,15.78002
-0.636277774348855,0.00728092911605627,-0.0336636165639405,-0.0187887632251003,0.0108633176227153,-0.00101502409656706,15.6018166666667,-0.048761176846668,-0.0230996048903769,0.00044145524422845,-0.0179624297271357,NaN,15.67224,0.0298475787976713,0.0187881343904746,0.0232558139534884,-0.0179487179487179,NaN,15.3755633333333,0.0187490334821447,0.0391644011876522,0.01508977460843,-0.0216511177609577,-0.0018704679540944,16.5051966666667,0.011731149369284,-0.00102085664249518,-0.0156076335516825,0.0329905741216796,9.87100772165128e-06,15.30884,-0.0313301243794383,-0.0316380419537723,-0.022541094775674,-0.0585676557402517,0.00274134809064797,16.03964,6289.63575327578,2488.2003565228,36.055029787234,12.0066340425532,0.683208238936397,15.7324533333333
-0.50183332990855,-0.00899968073400459,-0.0324425213131547,-0.0238051805910251,0.044487872169215,4.15530119097784e-05,15.62539,-0.0384428205271827,-0.0142425863495496,0.00044145524422845,-0.0102838338132457,NaN,15.78736,0.0271770553160462,0.0297794328112406,0.0247207471159128,-0.00883190883190865,NaN,15.3539966666667,-0.0147052694353864,0.0388499384603811,0.0181459314911501,-0.0330927653582117,-0.00107970065186613,16.3652166666667,0.0307967550085406,-0.000720295646396529,-0.011303710360158,0.0261353898886032,-0.000187515593958354,15.25474,-0.0141902048743996,0.00153140674716257,0.0127488743015243,-0.0472269690849776,0.00220191614800513,16.1926733333333,6461.72704896985,2563.24153562034,37.278475987842,12.1501556231003,0.683,15.72309
-0.434611109085381,-0.00958827945467866,-0.0347068214269598,-0.0114921561473914,0.0432233590067823,0.00299585335583119,15.6603966666667,-0.0379383371044572,-0.029787216269041,-0.00324599444285756,-0.00438776909365135,NaN,15.73528,0.0212395062606201,0.0206972122766356,0.020600622596594,-0.0154415954415954,NaN,15.3369166666667,0.00163385283091877,0.0263083010039364,0.027600916847065,-0.045414539693716,-0.00159674014428346,16.48934,0.0313145763579639,0.0150900932932216,-0.0136921512521577,0.0231362467866325,-0.000236862492549839,15.2970566666667,-0.0150873956999203,0.00943604295870104,0.00971084468073569,-0.0557713220444308,0.00203391510708184,16.4119933333333,6432.45957282457,2567.78480697604,37.1580382978723,12.0397544072948,0.683119431103243,15.70031
-0.300166664645076,-0.00846611506010841,-0.0490420271572303,-0.0251732944180955,0.0220715024715485,0.00253552598167217,15.4821766666667,-0.034993576563308,-0.0295255044020443,-0.00324599444285756,-0.00370218017276847,NaN,15.63275,0.0178094288989308,0.0314651694545938,0.0306262589269366,-0.02011396011396,NaN,15.3967333333333,0.00300916957669251,0.0269731627490883,0.0156946389914683,-0.0260517514522093,-0.000562661159448807,16.34123,0.021608018976321,-0.0120000393031595,-0.0133137843781778,0.0170308483290489,-0.000434248597886544,15.28446,-0.0210971544993729,0.00374844334617386,0.00919546465578036,-0.040546838589405,0.00161372217207556,16.5496466666667,6455.18432604839,2579.84719377609,37.1690784194529,12.2364693009119,0.683921860057171,15.70677
-0.232944441027939,-0.00472938900871289,-0.0357367653224266,-0.0223458591754834,0.02850902402575,0.00150617561254185,15.5985466666667,-0.0386674601339443,-0.0312109952163512,-0.00324599444285756,-0.00473056355409307,NaN,15.2897133333333,0.0147955339752655,0.0169165522513868,0.0147408899468962,-0.0185754985754986,NaN,15.3999566666667,-0.0136359396463883,-0.013959884997763,0.002769642174965,-0.000792114064425364,-0.000462970861272227,16.38436,0.0166254415078397,0.0059084188476255,-0.0115401896563957,-0.000642673521850878,-0.000631635199566549,15.2852366666667,0.0319093925730536,0.025087817574742,0.0109586068464167,-0.0212832064626379,0.00133181569243179,16.6915933333333,6764.97653962449,2594.25099064428,37.3206291793313,12.4853738601824,0.684838670858957,15.7503433333333
-0.0979444412514567,-0.0254143374207634,-0.054428526906799,-0.0277879119542747,-0.00551787561788719,0.00121321010334463,15.6473633333333,-0.0292977253247487,-0.0177832912583957,-0.00459632813108624,-0.00904977375565597,NaN,15.4833866666667,-0.00261006225371563,-0.00502873882390686,0.00370811206738697,-0.0162962962962963,NaN,15.4154633333333,-0.000564638973850617,-0.015434126227315,-0.00471157519419307,-0.00264038021475099,-0.00211377963669845,16.4043,0.0383549637877987,0.019033769685165,-0.00730721025374215,-0.00771208226221087,-0.000631635695909183,15.20669,0.0231201737953193,0.0197281819820747,0.0137253838224922,-0.0212832064626379,0.00104990921278914,16.8689933333333,6659.75350953618,2574.3413875326,37.3115963525836,12.4853738601824,0.684434151071307,15.8068933333333
-0.030722220428288,-0.0236260241856834,-0.0390795883473375,-0.023318740119178,-0.0126451316243246,0.000868619542014892,15.49642,-0.0282500007087209,-0.0193471555381982,-0.00205146848788607,-0.0179624297271357,NaN,15.4952,-0.00656868721851345,-0.00321728158210122,0.00421168284197049,-0.0109401709401709,NaN,15.4260433333333,-0.00947011348292592,-0.0230536991693573,-0.0161721635043931,0.0139060024643549,-0.00179612074063895,16.36116,-0.00102225707760206,-0.00263500202842371,-0.007425449901861,-0.0103898886032562,-0.000730328500405331,15.34381,0.0613743247425873,0.0312657015892439,0.0133456301198935,-0.0198850396147274,-0.000452576431644758,16.9938666666667,6648.3822940181,2632.90350364593,37.3497349544073,12.5034395136778,0.684584183559544,15.7641666666667
0.103722224012017,0,0,0,0,0,17.1724633333333,0,0,0,0,NaN,17.1969066666667,0,0,0,0,NaN,17.1187633333333,0,0,0,0,0,17.2200733333333,0,0,0,0,0,16.9238533333333,0,0,0,0,0,17.0854166666667,6575.50184373009,2515.79988565973,36.7314881458967,12.7603732522796,0.68299036416031,15.77802
0.170944447629154,0.0345988325021747,0.0169347258769377,0.0161741456889213,0.0220715024715485,-0.000648328198569526,20.22706,-0.00319118240138128,-0.0209739314142415,-0.00285647510971476,0.00349650349650354,NaN,20.1489633333333,0.00364765270386558,-3.5672828505251e-05,-0.00032045412928039,0.00148148148148164,NaN,20.13146,0.0311106931113174,0.0390719109406108,0.0220934674646631,-0.008449216687203,-0.00227936587593758,20.4028666666667,0.015737161103647,0.0282863269561795,-0.00333435807695026,-0.00214224507283634,0.0003552973124894,20.1973933333333,0.0130632976643357,-0.0230249575826055,-0.00683556664677476,-0.0466832375330124,0.000564191498067856,20.2250266666667,6653.20852338093,2539.32758063587,36.5658863221885,12.1401191489362,0.683897671260778,15.7308066666667
0.305388892069459,0.0648890039488454,0.0464998602516964,0.0402529490453607,0.0264398206690424,-0.00157707998882373,23.2096666666667,0.0152894848131888,0.0188314834395884,0.0178919213690305,0.0087755381873027,NaN,23.18111,0.0122849184885918,0.00875047868108458,0.00956784471708483,-0.000455840455840573,NaN,23.2523833333333,0.107151289928153,0.116393637830603,0.0552336686616579,0.00343249427917613,-0.00133315117950139,23.6808333333333,0.0232668838357075,0.00851797460397119,-0.00454040248776211,-0.0121036846615253,0.000473729988231586,23.4200033333333,0.00834044269153744,0.0121834429603631,0.0117723647805565,0.0173994096628864,-0.00092343614471313,23.4045733333333,6684.49808707011,2585.55366295724,36.9693525835866,12.9892048632219,0.684579567142674,15.67546
0.372611112892628,0.127156837528135,0.152603419543139,0.1286635048036,0.0531670306931831,-0.00325972805835129,26.2085133333333,0.0918045717742746,0.0656232093706024,0.0433405178010335,0.0654737419443301,NaN,26.2858066666667,0.0437725244530056,0.0276584558670978,0.0151986815601539,0.00934472934472952,NaN,26.2052366666667,0.149840334254392,0.138755297619102,0.0759582325226029,0.0393416651997889,-0.00521601659119542,26.67357,0.0485267409755648,0.017764330282569,0.189632747652943,0.00739074550128516,0.000157910710809395,26.4319166666667,0.113923032885579,0.0960961279561781,0.05349102153746,0.0577908963803013,-0.00145601043907395,26.5340133333333,7285.38550721964,2854.02296488966,38.7096772036474,13.5070869300912,0.685072956455618,15.6689366666667
0.506500001996756,0.160486396933416,0.242683779393319,0.144837650492521,0.0800666743303826,-0.00378629699632227,29.1422866666667,0.107737871356589,0.0639277960902318,0.0419901841128048,0.0723981900452488,NaN,29.2854633333333,0.0725671909625691,0.0540471729645957,0.0391411829335286,0.0264387464387466,NaN,29.1410566666667,0.160653478185692,0.124179778040625,0.0649114987902712,0.147333215983102,-0.00596876369616861,29.6585766666667,0.073786598115422,0.0270106859611667,-0.00458769834700967,0.00964010282776329,-0.00102640889926842,29.55565,0.10050463538433,0.0575199645445055,0.0238159822058264,0.103153643001398,-0.00185486838955207,29.5975833333333,7193.2114152916,2677.95784315031,37.5855920972644,14.0932170212766,0.685039203182442,15.65552
0.573166670277715,0.190342545488214,0.207548477359839,0.129636385747294,0.102885389125187,-0.00633287042982567,29.8551566666667,0.208603514892025,0.153504922236372,0.0892778311563529,0.108048813931167,NaN,29.9340766666667,0.146982434299356,0.171448715283699,0.0822193737410732,0.0377207977207978,NaN,29.7957866666667,0.218913001221906,0.21080327114611,0.121068381510251,0.11494455201549,-0.00696314051952629,30.28849,0.123784259462457,0.0576046029704886,0.0147326601556035,0.0342759211653814,-0.00106588685492337,29.93692,0.106780493716549,0.0646563170312893,0.0180925514023762,0.111076588472891,-0.00385450163509193,30.1774333333333,7319.77119266875,2692.73968979613,37.475190881459,14.1955890577508,0.685,15.6701833333333
0.70761111471802,0.222088643306549,0.284551032340953,0.179344521464186,0.128635475341993,-0.00720186960024172,30.0175266666667,0.236904335018454,0.16816364054467,0.0917188189773819,0.12854792266557,NaN,30.0133833333333,0.154853628235086,0.122106952740447,0.0770005493499362,0.0598290598290598,NaN,29.8889266666667,0.268342126381753,0.313970703498677,0.168597988030052,0.137475796514698,-0.00892428265912548,30.1607066666667,0.109017341789356,0.0495067932772704,0.0121550358266136,0.0514138817480718,-0.00169752366263864,30.0488166666667,0.118669759530592,0.0561068394143263,0.0228937232138013,0.110455180984931,-0.00607729574736149,30.1196166666667,7437.56753193966,2706.24815201056,37.6749167173252,14.1875598784195,0.6854,15.6889166666667
0.774833335541189,0.309427138334162,0.465126483471332,0.238416636264137,0.119553971720888,-0.0113211084467899,29.9093033333333,0.265091666052641,0.193866851022262,0.11231140772287,0.146441793500617,NaN,30.1041333333333,0.165152068212972,0.176703727752348,0.0979674052371362,0.0925356125356127,NaN,29.96052,0.302445223869759,0.369325643705253,0.196453584617344,0.155430381975004,-0.011072418892952,30.31498,0.106213312293596,0.0970581322637039,0.0360630926762362,0.0614824335904027,-0.00280288831438558,30.0878866666667,0.130127128442601,0.0741632119519899,0.0203981988824391,0.1078141991611,-0.00627965925793283,30.0598366666667,7443.7921378864,2723.96771746263,37.5976358662614,14.1534358662614,0.685727575298857,15.7515666666667
0.909277779981494,0.317766536829536,0.335516641139764,0.211601605253557,0.148637774456834,-0.0113156839390596,30.0980933333333,0.286536296300447,0.229966902526364,0.129787841803215,0.16330728095434,NaN,30.09723,0.231996813090408,0.249642777085138,0.139992675334188,0.138746438746439,NaN,30.0520933333333,0.286025969897277,0.28839625390541,0.145485801604482,0.135803555712023,-0.0150397669471036,30.2209933333333,0.151750529451578,0.143311371306429,0.0564239600822949,0.0865467009425878,-0.00319766052505877,30.0756666666667,0.184011878832857,0.154628276813525,0.078093636412955,0.13406866552742,-0.00880157678104154,30.0264533333333,7707.39474131095,2863.71924587696,38.8612279635258,14.4926686930091,0.6856,15.7767933333333
0.97650000359863,0.401246059748987,0.414967806298098,0.253739511127326,0.185366134038395,-0.0125696827408884,30.1245166666667,0.316782375562335,0.2948123641687,0.158118881300475,0.225970108323049,NaN,30.0781066666667,0.244199572098954,0.199436742790198,0.107672587438198,0.141880341880342,NaN,30.09153,0.330457455393263,0.344698755859126,0.160034381764931,0.131842985389896,-0.0167328183438922,30.2840266666667,0.144289081279999,0.166995944159554,0.0831461205571453,0.0703727506426735,-0.00434250444280437,30.1017466666667,0.200585098138899,0.08768891639396,0.0442141810882655,0.137486406711201,-0.00966253701365016,30.1684166666667,7863.77159547284,2942.78447052501,38.390517325228,14.5368291793313,0.686213155824849,15.7800266666667
1.11094444803894,0.349100983884053,0.39177780519577,0.24531801045847,0.160823083113001,-0.0151979029204728,30.0211966666667,0.341861320279422,0.297669866208873,0.160118413877275,0.229123817359111,NaN,30.1566366666667,0.279549289076412,0.258226658912429,0.137337483977293,0.164273504273504,NaN,30.0972466666667,0.422504122335218,0.37179886908356,0.20148350948682,0.114504488646365,-0.0267593270416949,30.15952,0.134384269869256,0.102056600663872,0.050275498380117,0.0576263924592972,-0.00556630073790043,30.0748866666667,0.212077205145575,0.0904220798727284,0.0398198882439105,0.126301071927917,-0.0100652058714223,30.0956466666667,8007.6381202374,2882.16224271045,38.361411550152,14.3923039513678,0.686193354489266,15.70637
1.1781666688621,0.337609914869155,0.394482442643461,0.21448984555515,0.191516266237499,-0.0192198657968797,30.0382733333333,0.370760192904616,0.312614098543039,0.188241709730193,0.27930892636775,NaN,30.04922,0.29111641765864,0.273965715244015,0.155832265152902,0.189287749287749,NaN,30.1131166666667,0.321962021681671,0.334912770290507,0.181459314911499,0.153318077803204,-0.0259533537917599,30.3532433333333,0.189536077134778,0.184923246001355,0.083666375008868,0.0961868037703513,-0.00670127344938665,30.0719933333333,0.285550446396354,0.145504888833053,0.0541420278847717,0.155196520118067,-0.0120221698567772,30.1648,8509.10585504312,2923.87690460332,38.9114103343465,14.7656607902736,0.686381229223349,15.67547
1.31261111330241,0.355545362443789,0.428337407459841,0.248267055819044,0.186803080813887,-0.0206921828812975,30.15422,0.36016154596143,0.325755692871017,0.164558934275104,0.283148224324695,NaN,30.0679266666667,0.275142232511118,0.32141876463355,0.167460172129647,0.215156695156695,NaN,30.1391366666667,0.463260409862306,0.456794537496748,0.243282821851522,0.166872029572258,-0.0290049037482977,30.2632866666667,0.194843099204002,0.210438201068783,0.0957741149762339,0.121251071122536,-0.00892187395913979,30.06996,0.288676275256597,0.135859689490082,0.0640156241523353,0.190616746931801,-0.0125425543516913,30.0606,8505.82690283811,3013.75323068102,39.2968109422492,15.2233240121581,0.68612983385737,15.64858
1.37983333691955,0.423557078674112,0.434276525532691,0.267177429162106,0.19128635475342,-0.0249156482138072,30.00775,0.369683979310608,0.316460186793874,0.157184034900932,0.278760455231043,NaN,30.1631733333333,0.321919723550123,0.321660933790298,0.167048159677715,0.244216524216524,NaN,30.1367366666667,0.434626234332558,0.480493492835801,0.264580415127977,0.160183066361556,-0.0315850307044231,30.39838,0.244315902014505,0.220634610066425,0.11083784614657,0.114288774635818,-0.0102641028108553,30.0044866666667,0.290326256793873,0.175977087220145,0.0727770845765747,0.184402672052198,-0.0145429475102933,30.14528,8513.88372457125,2998.5286583343,39.444347112462,15.143032218845,0.6859435217083,15.67059
1.51483333669603,0.399755115465013,0.550909549813993,0.304329320199441,0.217956086906541,-0.023165822434182,30.0830433333333,0.386787845826803,0.335172328315008,0.166194915474305,0.289866995749349,NaN,30.1566366666667,0.338381370633683,0.360679521615539,0.191219556857718,0.233846153846154,NaN,30.1298033333333,0.400836520671491,0.456292547686628,0.2385394116898,0.119257173032917,-0.0330899666465179,30.1908433333333,0.206969049814964,0.148466532317371,0.0659540757206709,0.152956298200514,-0.0101555394751239,30.0056933333333,0.298480113547154,0.148666926454017,0.0624152335485271,0.211666925586453,-0.0165669600060404,30.0797466666667,8617.77293102622,2941.65979805167,39.1101325227964,15.4953124620061,0.6872,15.7088033333333
1.5820555575192,0.423015875097263,0.478635444911645,0.253982731363249,0.209219450511553,-0.0252427829582058,30.18308,0.395693540688916,0.307951507581756,0.160871484588018,0.282325517619635,NaN,30.1408,0.3955930860121,0.380547507176124,0.199826039186962,0.245811965811966,NaN,30.1411833333333,0.427513599095171,0.468935843775087,0.252801477142493,0.0719943671888752,-0.0352718932653007,30.28564,0.216522855872984,0.160916318960223,0.0674675432165914,0.14095972579263,-0.0128202585977992,30.14159,0.289201566675504,0.121216923730921,0.0531112678348613,0.194655895603542,-0.017640490458438,30.08421,8492.91356270825,2951.26266467869,38.9274686930091,15.2795282674772,0.686920398388262,15.7291566666667
1.7165000019595,0.520971069468678,0.665825284019921,0.328742551380275,0.21818599839062,-0.0262916208344984,30.23639,0.431269522813367,0.387951446815944,0.187436703108364,0.278623337446867,NaN,30.1680333333333,0.451885787858471,0.462448980951716,0.249175975096136,0.268262108262108,NaN,30.1403733333333,0.403940548645142,0.40755320062706,0.211829873933529,0.12841049111072,-0.0388235835982493,30.2624533333333,0.206285666988587,0.141308193669112,0.0553598032492255,0.210582690659812,-0.0156724956968756,30.0524666666667,0.292453065931334,0.120910945723335,0.0407421472359355,0.200248562995184,-0.0185273528481074,30.1025433333333,8516.2819845312,2896.88603525225,38.2971781155015,15.3477762917933,0.686654484739063,15.6836033333333
1.78372222557664,0.406239651149725,0.423578586988113,0.263559528152743,0.246292677319232,-0.028494893355444,30.0357866666667,0.450949541064172,0.420646337873512,0.201433431145966,0.28616481557658,NaN,30.1623433333333,0.381797591100365,0.398523412851269,0.211225050357078,0.249344729344729,NaN,30.15338,0.458454849354298,0.540666134929172,0.28705590220298,0.119521211054392,-0.0398576625830817,30.2929833333333,0.289158748924993,0.190119214478271,0.0599238536666118,0.208011996572408,-0.0170147212528772,30.0182666666667,0.24756244683824,0.16727701107637,0.0818640481744697,0.185567811092124,-0.0209387961993758,30.0719866666667,8044.19121147563,2989.61221009221,39.7103136778116,15.1580869300912,0.687172258809151,15.5904033333333
1.85094444639981,0.509810092468909,0.547470508222115,0.329441809558555,0.231980687435337,-0.0312904039083712,30.1546033333333,0.486551477721016,0.472942936486337,0.226025085045054,0.307006718771425,NaN,30.1379033333333,0.382445293622481,0.57004896364451,0.265976927302692,0.268603988603989,NaN,30.2404933333333,0.451142955761148,0.554736687240006,0.3053928434993,0.0910931174089069,-0.0416267483580796,30.3027433333333,0.358604765915275,0.300329636001569,0.143803060042093,0.194087403598972,-0.0185938164487579,30.1810533333333,0.2675804341594,0.20629484693041,0.095182553029892,0.191238154419761,-0.022852103260727,30.1399633333333,8298.82728070779,2965.56224567994,40.0846741641337,15.2313531914894,0.686636212762426,15.6058933333333
1.98538889084011,0.565179879677883,0.557019532609515,0.335431107868175,0.258305552362341,-0.0301943571466157,30.1053833333333,0.512192002094838,0.458415132285556,0.237710665039341,0.348690525161113,NaN,30.15335,0.511740109139967,0.568228062244814,0.281908075444058,0.301652421652422,NaN,30.16073,0.495288876511275,0.562180597812037,0.319623073984465,0.0934694596021828,-0.0466611246677294,30.2933666666667,0.387639801616624,0.464376411858698,0.205784283585972,0.18337617823479,-0.0192846680656082,30.1050166666667,0.2305690025934,0.14987146219095,0.070010307600499,0.213298120242349,-0.0237578609958081,30.0789333333333,8161.14709991733,2941.51228126767,39.4403325227964,15.5234145896657,0.686929734813243,15.6302766666667
2.05261111445725,0.488720698142853,0.546145962645558,0.314058129636386,0.264513162432463,-0.0315528557921613,30.1078333333333,0.497117722892234,0.441565108673593,0.227583162377626,0.379062114356232,NaN,30.1159233333333,0.388089005332688,0.579163057239758,0.240340596960264,0.289002849002849,NaN,30.1945,0.596335408407097,0.758473372580023,0.372405450146441,0.048582995951417,-0.0456211326780046,30.36582,0.453511587856402,0.602691341519436,0.252583536311396,0.202763496143959,-0.0196991807034306,30.10539,0.231322552147357,0.182133563054911,0.103672760809418,0.199471803635234,-0.0257312063533092,30.0541366666667,8005.68196406237,2972.28855822858,39.6952589665654,15.3377398176292,0.6866,15.68807
2.18761111423373,0.571087809506636,0.839828875620618,0.398455551501885,0.252327853776296,-0.0329113544941423,30.07365,0.463282039602567,0.440599868562605,0.23851567166117,0.346428081722199,NaN,30.1566366666667,0.739395540827898,0.726781569469638,0.309467130562168,0.28991452991453,NaN,30.19937,0.561512602372285,0.692334721205837,0.371195721380364,0.102446752332336,-0.048443729225678,30.2526733333333,0.570738949858821,0.746767391826874,0.377491900584104,0.24293059125964,-0.0219493886773121,30.0862666666667,0.280499821906954,0.195376576780203,0.0999294743123746,0.224172751281653,-0.0266100684930635,30.1330633333333,8404.28345790004,3034.7338994008,39.9451671732523,15.6568996960486,0.68586544827274,15.6465733333333
2.2548333350569,0.551717792456572,0.728076793124274,0.40684664964125,0.272100241407058,-0.0356283518981055,30.08707,0.469239242214601,0.579518011239143,0.259316004051001,0.367612779377485,NaN,30.1578833333333,0.705001762676398,0.877463632285473,0.418696209485443,0.321538461538462,NaN,30.2645033333333,0.608271538900558,0.742210177395118,0.387686234560041,0.0808836472452032,-0.0516481904375748,30.1155866666667,0.56090621563643,0.694441276868224,0.337905266393927,0.227506426735218,-0.0232521397719068,30.2136566666667,0.285874015177753,0.202235167244747,0.107253295719633,0.217492620786081,-0.0282683646700979,30.10172,8527.98325417798,3086.77266464808,40.7229939209726,15.5705860182371,0.686931392921983,15.5607066666667
2.38927777949721,0.543978020756768,0.553191494838508,0.339565851878876,0.270835728244626,-0.0365521003818873,30.1485033333333,0.477017325754072,0.496541630136137,0.242930224103456,0.350267379679144,NaN,30.1216833333333,0.528129953981153,0.525487338472895,0.262818165171214,0.308376068376068,NaN,30.15742,0.604176797332499,0.850432127700517,0.393512033617726,0.0624889984157719,-0.0519937280855934,30.3239066666667,0.528562104662036,0.540163660992899,0.28486296024783,0.229220222793487,-0.0228376288812128,30.02847,0.246888048958978,0.224278794149534,0.107687299951174,0.210501786546528,-0.0296778970683139,30.0670766666667,8164.89621134068,3164.8379030836,40.6938881458967,15.4802577507599,0.686034285852228,15.6347466666667
2.45650000311434,0.644823446950052,0.687409435805737,0.371610117961814,0.293079664329233,-0.0369510953365334,30.15052,0.463410177357608,0.528725485436205,0.254719675919915,0.34882764294529,NaN,30.1651866666667,0.632723538809791,0.622492684428193,0.294817798937924,0.300854700854701,NaN,30.1904266666667,0.633888112752394,0.901589712587085,0.452088373869859,0.0462946664319661,-0.0551111713956793,30.3625633333333,0.529911624853637,0.470968721872422,0.226689053373377,0.211760925449871,-0.0270419628418176,30.1123333333333,0.33149995644689,0.348705228088605,0.169153149243205,0.193102376883641,-0.0319320069092436,30.0549466666667,8604.9837391745,3078.65669108579,40.3626844984802,15.2554407294833,0.687128107309969,15.61036
2.59094444755465,0.60232437643161,0.733270534083902,0.357533746807734,0.239452810667893,-0.0374769228582617,30.0451566666667,0.496959137549969,0.481544724403467,0.244670077124828,0.347456465103524,NaN,30.19614,0.503077688372724,0.538829731901182,0.285295733382164,0.303247863247863,NaN,30.10742,0.583353221559025,0.671554097060715,0.347192155864001,0.0488470339728921,-0.0566352562074226,30.3043633333333,0.531261145045239,0.752638469059184,0.366921276042283,0.205227077977721,-0.0282657591369128,30.0638533333333,0.398834304985539,0.264043289951532,0.117533770954267,0.200093211123194,-0.0328013439073847,30.05697,9273.92855135438,3211.30597169945,41.2007300911854,15.3457689969605,0.686575415533014,15.6461466666667
2.65872222371399,0.573473041193926,0.645122487978489,0.375197616441688,0.24318887228417,-0.0390943468264059,30.1090366666667,0.503096891781437,0.47750055640907,0.244098782102885,0.407788290141232,NaN,30.0850233333333,0.577224054431293,0.567186357606219,0.296923640358909,0.333789173789174,NaN,30.0740333333333,0.574776472940814,0.675695701137018,0.367980389660003,0.039605703221264,-0.0558064721239706,30.33975,0.548952400661283,0.677751902555221,0.336155319601769,0.222365038560411,-0.0300422393461774,30.17009,0.377501369256952,0.226302332063462,0.0973796994520697,0.218580083890011,-0.0336245877833175,30.17701,8947.54393331639,3137.08635860885,40.2352212765958,15.5846370820669,0.687007043222517,15.5720933333333
2.7931666681543,0.59747065774319,0.670891243369732,0.366897725890794,0.257615817910104,-0.039796941897392,30.1815,0.463560000133107,0.538891327591998,0.228232361266197,0.376114081996435,NaN,30.19693,0.516132954180865,0.544989243416127,0.259979857169017,0.340740740740741,NaN,30.1122966666667,0.607335326754697,0.705094189823469,0.366866165796511,0.0467347298010914,-0.0585724650445697,30.32593,0.549145653309558,0.811354649490645,0.376947998202757,0.214331619537275,-0.0333978111776583,30.0692,0.453420551938019,0.367308252649019,0.176070091683394,0.209258971570607,-0.033556016473362,30.1037566666667,9284.03644639162,3284.95373301003,42.0096699088146,15.4641993920973,0.686440697844006,15.6278833333333
2.86038889177144,0.540932878777208,0.720110527830458,0.383588714581053,0.254167145648925,-0.0425531914893619,30.1496933333333,0.48763704899362,0.473631428507264,0.237476953439455,0.391745509392568,NaN,30.2001966666667,0.597059228354381,0.658901031234494,0.308826222303608,0.333048433048433,NaN,30.2177033333333,0.642705660476774,0.731087345864047,0.373678848847574,0.0522795282520681,-0.0623311362879804,30.19936,0.492335792439747,0.741938534002777,0.37375552770355,0.257497857754927,-0.0335951971837257,30.0516533333333,0.378394377143124,0.240190839385822,0.11924266261596,0.231784993009166,-0.0363698996887037,30.0732233333333,9026.72981828426,3170.35726543854,40.9939787234043,15.7592717325228,0.6864,15.5566366666667
2.99483333621174,0.666357843628963,0.762934549592233,0.392466253192266,0.254397057133004,-0.0425531914893619,30.0805666666667,0.504051902870729,0.532874395078659,0.259809395206315,0.36377348142054,NaN,30.16559,0.601145727100255,0.606053759042731,0.303012268815235,0.326153846153846,NaN,30.1281566666667,0.635505748127078,0.864747929764368,0.421272125302432,0.04286217215279,-0.0618546531444218,30.4460033333333,0.587174395972817,0.721261869870881,0.349256272613333,0.28952442159383,-0.033989971379771,30.0610133333333,0.343701725479495,0.209176686124537,0.093527911897141,0.252136088239863,-0.037056226863448,30.1985466666667,8849.42904199099,3114.73666785795,40.2201665653496,16.0182127659575,0.686,15.6299066666667
3.06205555703491,0.609340786534394,0.819933728321318,0.410555758239086,0.259685021266812,-0.0447148809031128,30.1391366666667,0.502186941861813,0.498979812935245,0.248383494767457,0.375702728643905,NaN,30.1883733333333,0.572510594979207,0.577931107762427,0.301684673136788,0.321253561253561,NaN,30.2201466666667,0.635204726024258,0.863710660342648,0.433719597606011,0.0390776271783135,-0.0633584545812027,30.27952,0.612213915049537,0.785172498537608,0.375954785158559,0.299271636675236,-0.0358651426066992,30.1765866666667,0.323686604789275,0.236705861351252,0.109586068464168,0.217803324530061,-0.0384821418877498,30.1294033333333,8688.26994103337,3211.65394940014,40.7270085106383,15.5746006079027,0.686105315302176,15.8862733333333
3.19705555681139,0.67982204939792,0.786011885689724,0.343366168065183,0.279917231865732,-0.045634081089364,30.1631633333333,0.524044401524573,0.54487799978414,0.268794307824145,0.384889620183738,NaN,30.1643866666667,0.623121196934813,0.657723004079659,0.321369712506867,0.317606837606838,NaN,30.2201266666667,0.615599211098688,0.736428225343168,0.385712466573284,0.054391832423869,-0.068041384138341,30.3584633333333,0.693256226700798,0.798199465169212,0.410173339324142,0.29777206512425,-0.0370988091153676,30.0594166666667,0.333365106103313,0.247645830623206,0.120409048988228,0.288177722541557,-0.0406128213121554,30.0728433333333,8788.04970013619,3315.16568657146,41.4556565349544,16.4839051671733,0.685255814589733,16.79648
3.26427778042853,0.677211530498265,0.714345684397225,0.372795816611942,0.276583515346591,-0.047843569338724,30.10169,0.498202513221933,0.512567535544564,0.246461866057285,0.35972850678733,NaN,30.14363,0.66434569920906,0.67377742273531,0.318348287859366,0.294814814814815,NaN,30.2083233333333,0.685180173344365,0.965265370232949,0.471125684451802,0.0130258757261046,-0.0683320080687618,30.1737333333333,0.617647628105351,0.928227331064279,0.394281930616974,0.273832476435304,-0.0389246354290762,30.08054,0.321448488455731,0.22627976830819,0.111159333803504,0.231474289265186,-0.0415179692133257,30.10577,8678.72570311844,3243.1189213521,40.9498182370821,15.7532498480243,0.68496744055055,17.64281
3.39872222486883,0.668497605198833,0.694599752833547,0.368113827070412,0.292677319232096,-0.049497564660156,30.04801,0.513191247940657,0.516769544632322,0.261731023916487,0.370903606197724,NaN,30.17577,0.668112789796389,0.755499729126391,0.338903131294635,0.291339031339031,NaN,30.1912466666667,0.670153508970216,1.03651413832407,0.481153699223227,-0.008449216687203,-0.0706857194501402,30.26734,0.58196310782457,0.746996269999451,0.387684158251945,0.221186803770351,-0.0392700607411588,30.0370066666667,0.308199602125691,0.300348250312822,0.15803179080996,0.272953239086531,-0.0429275016115407,30.0732366666667,8669.82822179395,3328.90711640596,41.9655094224924,16.2871902735562,0.684501328699816,18.4631366666667
3.465944445692,0.638235296415616,0.68519836600747,0.385473671409461,0.25508679158524,-0.0488533761544824,30.1774166666667,0.566659335161059,0.520680763384186,0.257913734451687,0.355752091046209,NaN,30.17253,0.658334508370604,0.597012061553178,0.304568760300312,0.294358974358974,NaN,30.2132133333333,0.753560116786883,1.03329928935877,0.488889596332612,0.0216511177609575,-0.0730884328443542,30.2652966666667,0.707891067235197,0.822423518437719,0.420649372147468,0.213367609254498,-0.0399115704228461,30.09156,0.331121249127662,0.245350100213954,0.112407095969186,0.29594531614106,-0.0436955064077027,30.0882533333333,8694.55554926641,3183.15976294367,40.9237234042553,16.5842699088146,0.68416053172079,19.25908
3.60094444826245,0.663119062970168,0.732079337312004,0.376839353034172,0.251465685711001,-0.0507398521040929,30.1045566666667,0.607003367615773,0.608192379795075,0.302864265496377,0.353969559851913,NaN,30.14402,0.659096631094035,0.753581079271549,0.349661234206189,0.287065527065527,NaN,30.1326666666667,0.736115793459526,0.936978552841154,0.476824143639374,0.000528076042950021,-0.0740709756340715,30.5061833333333,0.673627404820332,0.888407722502397,0.434223283751508,0.230077120822622,-0.042872369448041,30.0817333333333,0.360665929241256,0.346345140029467,0.145716920739977,0.295013204909119,-0.0446189404893994,30.10456,8952.21715348579,3286.49680363966,42.0739033434651,16.5722261398176,0.684,20.07042
3.66816666908562,0.761407478386011,0.770777406034438,0.407089869877174,0.253707322680768,-0.0529958144720963,30.0948466666667,0.556655886776374,0.520905870237634,0.252019008543457,0.331139448786508,NaN,30.1199866666667,0.615188473715485,0.60145535285962,0.318165171214063,0.291794871794872,NaN,30.1660066666667,0.770147984750919,1.01174575549194,0.504138545778684,-0.025787713430734,-0.0779893244987111,30.2547066666667,0.670259486588578,0.993307655051518,0.436067822262161,0.240038560411311,-0.0438593024564387,30.07893,0.347670907238078,0.247099763580988,0.105300276677698,0.293459686189219,-0.0457877080444195,30.11717,8849.79076398229,3138.12824873325,40.6286510638298,16.5521531914894,0.681821263220361,20.8882433333333
3.80261111352593,0.72323401408776,0.736951454753085,0.404323239693543,0.262443959075756,-0.0534419836245851,30.1509466666667,0.551592478388049,0.55467154704873,0.276169207198317,0.353215412038941,NaN,30.26695,0.65792358321547,0.681172168611978,0.330067753158762,0.313105413105413,NaN,30.1550433333333,0.802942390699966,1.04832075243214,0.513243346491786,0.00281640556240115,-0.0796054925304405,30.25918,0.754141089922167,1.01324851090263,0.450091044529052,0.29659383033419,-0.0445501540732899,30.1448166666667,0.322040852975315,0.304282195212348,0.136440080290783,0.283827870125835,-0.0471621943994579,30.1196266666667,8707.83291326253,3275.16550316692,41.6704370820669,16.4277009118541,0.6828,21.60198
3.86983333714306,0.764228269516055,0.711555831231393,0.414082451659978,0.251178296355903,-0.0556937287162633,30.2046633333333,0.546000610249763,0.519458230706506,0.263496844893402,0.349513231866173,NaN,30.1724966666667,0.690125320676115,0.737218908253171,0.368064457059147,0.335441595441595,NaN,30.15138,0.762231208887206,1.03054854724471,0.515790143894053,0.0114416475972541,-0.0800600177277292,30.31942,0.680230631395109,0.898627403324447,0.4472532929742,0.258568980291345,-0.046662190969361,30.1224766666667,0.324202770476435,0.20261327411959,0.089893126457983,0.253534255087774,-0.0482898204690027,30.0296766666667,8748.29743945684,3055.04348897711,40.1258237082067,16.0362784194529,0.682766110696209,22.49958
4.00427778158337,0.761617911110488,0.829290328932036,0.444728201386355,0.268766524887918,-0.0573859501753642,30.06225,0.501542341956649,0.506809807882089,0.261834895738658,0.324832030714384,NaN,30.13793,0.634999108240418,0.72462936779149,0.319721662699139,0.355270655270655,NaN,30.1635833333333,0.748253709967562,0.991361847338228,0.499872660129887,0.00193627882415059,-0.0826975949481878,30.4158466666667,0.788399950176644,1.08506574197435,0.491001962778159,0.299914310197086,-0.0475602999970755,30.0638566666667,0.314984548258434,0.265833657394449,0.123962458633972,0.233882243281031,-0.0494338269152037,30.2124166666667,8673.37265145244,3183.86707737693,41.2077556231003,15.7843629179331,0.680769934269089,23.4500966666667
4.07150000240654,0.767825174693421,0.829797692468227,0.431715918764441,0.259340154040694,-0.0612066939071524,30.0772933333333,0.577078718438113,0.52349992242757,0.270404321067802,0.36418483477307,NaN,30.1700966666667,0.67738700743068,0.690721806346638,0.348562534334371,0.363418803418804,NaN,30.22095,0.744191290759355,1.0133371674892,0.501687253279002,0.00660095053687737,-0.0842546316308619,30.4080966666667,0.737751055658968,1.04311296515837,0.473502494856575,0.333333333333333,-0.0488926603029269,30.0158666666667,0.296553179793627,0.259169869946243,0.121521184831552,0.223862047537673,-0.0510153219144769,30.0711733333333,8519.37327743717,3170.76063690767,41.1696170212766,15.652885106383,0.680852225901325,24.1165966666667
4.20594444684684,0.740721108100995,0.691360475223199,0.387267420649398,0.26347856075411,-0.0615561327262683,30.0520833333333,0.516895744599037,0.518272499145232,0.271079487911917,0.349924585218703,NaN,30.2307266666667,0.731044332299003,0.792697706342277,0.390542025270097,0.335840455840456,NaN,30.0886966666667,0.717709727387909,0.994670275267606,0.50515726473959,0.0101214574898785,-0.0860025941449789,30.5448633333333,0.727163043894651,1.01516300692909,0.466171636673209,0.413453299057412,-0.0519521521326189,30.14891,0.40215935710608,0.317569781677648,0.162127705745131,0.253378903215784,-0.0522186055968489,30.0858433333333,9159.34636490308,3362.94247333496,42.2555635258359,16.0342711246201,0.68,24.8689933333333
4.27316667046398,0.755942684276605,0.706243684193035,0.407941140702907,0.258650419588458,-0.0645320281343288,30.0594033333333,0.540913453665504,0.581643329646137,0.261003921161287,0.342383107088989,NaN,30.1806366666667,0.742408491497258,0.805101039417117,0.371635231642556,0.338233618233618,NaN,30.1505433333333,0.727596574815188,0.89715563907764,0.460620145167452,0.0480549199084668,-0.087102567770739,30.1924633333333,0.835343122780428,1.03033805796749,0.480171211010476,0.372750642673522,-0.0531364707500116,30.05247,0.359400098922991,0.363020430676087,0.186974448000868,0.233416187665061,-0.0542037607972663,30.1468966666667,8853.04593338861,3665.14427998163,43.7630419452888,15.7763337386018,0.679421262214533,25.9859233333333
4.40761111490428,0.812764683516484,0.805530464130299,0.452328833758969,0.244051040349465,-0.0647566673751886,30.0834233333333,0.543807436684933,0.530011295278855,0.26248409462723,0.31852461264226,NaN,30.1855666666667,0.731779702941505,0.79506108085256,0.381935542940853,0.331054131054131,NaN,30.12735,0.676806485689654,0.760629387611741,0.405513816375908,0.0241154726280584,-0.0910428834637645,30.4251833333333,0.751171205649759,1.02088298009479,0.475299737507981,0.296058269065981,-0.0552090310603335,30.12735,0.376600430400547,0.312239186818505,0.159360928769056,0.280254777070064,-0.0566299855290192,30.0948133333333,8998.00164569401,3497.19397768768,42.6780990881459,16.3815331306991,0.679157210477507,26.5250433333333
4.47483333572745,0.820231891348087,0.870978561481343,0.463973002553812,0.264283250948385,-0.0651459382645309,30.08952,0.530779572832851,0.533981224708874,0.276169207198317,0.322089675030852,NaN,30.21767,0.704324091312698,0.739066341460828,0.354605383629372,0.334415954415954,NaN,30.1875866666667,0.74824266430722,0.933429936584278,0.48166305870368,0.0172504840697061,-0.0910445723322874,30.38535,0.675215191624898,1.08598073869624,0.519119351100811,0.301842330762639,-0.0576763625886435,30.0862533333333,0.310242935664855,0.331573907433772,0.140400368903597,0.276370980270312,-0.0578685450326273,30.03826,8607.04293693158,3259.03592967662,41.9123161094225,16.3313507598784,0.677484828581631,27.5191633333333
4.60927778016776,0.802045519692853,0.938812324174809,0.472820138635535,0.235314403954478,-0.0642723412167423,30.1358966666667,0.576222714361085,0.572259286705019,0.307019138383235,0.307280954339778,NaN,30.22909,0.73147257998166,0.85871325434821,0.380791063907709,0.325299145299145,NaN,30.19082,0.714476517444683,0.910564202273711,0.453457277473577,0.0022883295194509,-0.0921192009460717,30.34464,0.608537131377342,1.15107849729768,0.516872797786554,0.32604970008569,-0.0596502305908111,30.0651,0.297145560261354,0.22205272314172,0.122063690120979,0.255398477551654,-0.0589961709511998,30.2473966666667,8540.30715143853,3244.61492570946,41.2157848024316,16.0704024316109,0.676440436586851,28.2560633333333
4.67650000378489,0.882487415338118,0.911531345300602,0.483400218898212,0.230141395562708,-0.0662723500856617,30.0871066666667,0.569540002209604,0.594574371735125,0.28917915292529,0.301384889620184,NaN,30.2323233333333,0.763814073667364,0.723656638028494,0.380470609778429,0.308376068376068,NaN,30.1884233333333,0.750702968289714,0.891794167563589,0.456959123901694,0.022795282520683,-0.0941468092867843,30.2388566666667,0.621873053634954,1.0486250894862,0.468985740298437,0.239502999143102,-0.0643875080384371,30.15339,0.320128135446557,0.228744825858493,0.171241794607497,0.264719589871058,-0.0598418903901298,30.0740666666667,8704.69058808913,3339.46536329657,42.6098510638298,16.1808036474164,0.6762,29.0389033333333
4.8109444482252,0.884398395106182,0.910606157279947,0.499817584823057,0.21818599839062,-0.0674291706334621,30.05085,0.604069333630797,0.640574542517752,0.306941234516606,0.301864801864802,NaN,30.2066833333333,0.722750827294702,0.68823310086084,0.354101812854789,0.321253561253561,NaN,30.3039333333333,0.740031155139947,0.865674627312367,0.439354386858525,0.011705685618729,-0.0976748439292006,30.21196,0.726831033580844,1.10769265144885,0.500981389079386,0.221079691516709,-0.0667956255319062,30.12205,0.281640445662633,0.231855143387784,0.144306406987468,0.211589249650458,-0.0606876098290584,30.0390466666667,8361.85556027491,3149.97158625973,41.1937045592705,15.4943088145897,0.673090143716169,29.8258166666667
4.87816666904837,0.842980619238773,0.882519934365342,0.485102760549678,0.208759627543396,-0.0702388419396298,30.0056866666667,0.540584881260902,0.647515268167326,0.296060661144148,0.3177019059372,NaN,30.2245933333333,0.784854841155443,0.746093371840507,0.373786852224867,0.316125356125356,NaN,30.21201,0.720496049264326,0.820958525704888,0.424232777282567,-0.014258053159655,-0.0970293887706323,30.1444066666667,0.657974099246915,0.91835639786693,0.471137701894199,0.197943444730077,-0.070506492690507,30.0899066666667,0.30354447427851,0.228273358200301,0.121358433244724,0.246698772720211,-0.0618152357476308,30.0793166666667,8573.78887465137,3203.93773843825,40.9297452887538,15.9479574468085,0.67372491723472,30.06347
5.01316666882485,0.868640672621339,0.828374813799424,0.463516964611456,0.207725025865042,-0.0720741328285782,30.1004866666667,0.569497766756388,0.57397715078626,0.308317536160378,0.282051282051282,NaN,30.1420233333333,0.725244766164655,0.706815574979543,0.346868705365318,0.321481481481481,NaN,30.11799,0.721048469234683,0.88745179166682,0.461861708901057,-0.011177609575779,-0.0976951205740616,30.3446333333333,0.679667737123019,0.883706676905003,0.453851065339229,0.182090831191088,-0.0724803577146174,30.0626633333333,0.271509007899083,0.21910064083692,0.105842781967124,0.235979493552897,-0.0636400081773465,30.1436333333333,8461.6392174092,3166.65354931868,40.6085781155015,15.8094541033435,0.67318693227252,30.1066033333333
5.08038889244199,0.923168585920466,0.908915944477869,0.484677125136811,0.203816530635705,-0.0740424011243902,30.14039,0.615736445717307,0.696178619373554,0.317406320600379,0.29466611819553,NaN,30.2079333333333,0.753956764697586,0.797096807996055,0.368018677897821,0.315783475783476,NaN,30.1273633333333,0.750307781866552,1.0822989458495,0.533776900547561,0.00158422812885051,-0.100097831368013,30.4476166666667,0.554227839353026,0.978540595730973,0.462837278596259,0.163667523564696,-0.0776124083656035,30.1758,0.260019751666229,0.144957834118009,0.0585905712580697,0.225881621873544,-0.0654800199829919,30.13957,8291.03735930099,2947.91280692926,38.9535635258359,15.6789799392097,0.671,30.1110533333333
5.21483333688229,0.893585623801823,0.932022077624482,0.514471604037456,0.204276353603863,-0.0743568960615943,30.0415,0.624899759483806,0.65590168713138,0.327741566906437,0.265322912381736,NaN,30.2474,0.765251319011243,0.983176894264276,0.381340413843618,0.318860398860399,NaN,30.1977466666667,0.763578277815688,1.17785516716286,0.550299248694767,-0.0107375462066537,-0.100868322688196,30.4390666666667,0.541286458239106,0.947174465355439,0.462246080355665,0.16923736075407,-0.0780861369243696,30.0781366666667,0.226658837270659,0.169636773487688,0.0879401074160475,0.218580083890011,-0.0663257394219219,30.0667233333333,8029.20342463631,3081.79578077589,40.0094006079027,15.5926662613982,0.670958027770932,30.0264266666667
5.28205555770546,0.879378001040711,0.885436327807182,0.471999270339292,0.208529716059317,-0.0739519228863321,30.1538,0.620677645733861,0.70643242344016,0.335012594458438,0.281365693130399,NaN,30.1651866666667,0.817415021086174,0.862573593504477,0.40358908624794,0.326039886039886,NaN,30.1920466666667,0.804106161501607,1.09408216475421,0.563287915446327,0.00686498855835227,-0.108532666539842,30.28725,0.567690897114293,0.986510386676438,0.478232080781328,0.166345329905741,-0.0802277784802407,30.0793233333333,0.273710944433064,0.17112652780633,0.0709868171214669,0.265807052974988,-0.0685809912590667,30.0866466666667,8305.11015876491,3033.20976231901,39.3550224924012,16.1948547112462,0.669180332043863,30.15255
5.41650000214577,0.92054730278116,0.939162982727723,0.490392800681017,0.22646281181745,-0.0736813302998784,30.1367,0.603103371075083,0.678101198026114,0.329247708327923,0.277800630741807,NaN,30.1782233333333,0.749321721752314,0.769883563001831,0.386284563266801,0.322051282051282,NaN,30.13993,0.757320533794953,1.01030916234556,0.511174073602445,-0.00580883647245212,-0.105130349921184,30.3634066666667,0.571207708304997,0.967011423523762,0.522264525740771,0.168273350471294,-0.0832872745288371,30.0536966666667,0.30371712631951,0.176314484711255,0.0866923452503661,0.27077831287867,-0.0678724148615389,30.1709,8628.83716545944,2997.40210597379,39.7253683890578,16.2590881458967,0.668682945531111,30.1542133333333
5.48427778109908,0.911211543755286,0.947814087053943,0.493554663748024,0.228991838142315,-0.0756359672246509,30.01095,0.586069869190215,0.621936616293343,0.304993637850892,0.266556972439325,NaN,29.94019,0.866727934724945,0.874726923955593,0.42423548800586,0.328603988603989,NaN,29.9202233333333,0.771067373207203,1.02022226196576,0.513147841589202,-0.0227072698468578,-0.103430710616895,29.9605,0.574724519495701,0.947512460371085,0.488826353252773,0.159383033419023,-0.0861395109082176,29.6061,0.339304675314907,0.212174775382056,0.106954917810449,0.232950132049091,-0.0689383247810702,29.85633,9001.38478104571,3162.31978070063,40.9096723404255,15.7703118541033,0.667440151506443,30.2209533333333
5.55150000192225,0.867717326325882,0.925444901676307,0.503648303538855,0.1845039659731,-0.0763775231860339,27.3775233333333,0.479039138290165,0.592108505459119,0.294554519722662,0.213492389962978,NaN,27.1862666666667,0.767467494386625,0.870135757887761,0.417048159677715,0.297549857549858,NaN,27.1545633333333,0.762700168527372,1.0095215472598,0.511969947790653,-0.0550959338144694,-0.10695283072485,27.05483,0.517375317428885,1.02078575006072,0.505261664341287,0.111396743787489,-0.0886167141391286,26.8774333333333,0.300161419951565,0.188271959554959,0.0959149351706177,0.194345191859562,-0.0697086171776391,26.7577966666667,8396.61833483516,3083.18530377223,40.1418820668693,15.2714990881459,0.666914285762183,30.1599033333333
5.68594444636256,0.620030569015319,0.775663601176188,0.456889213182537,0.0878261869180366,-0.0763775231860339,23.9762366666667,0.41320988063216,0.621975139372369,0.295489366122205,0.170711641299877,NaN,23.86269,0.60466044534517,0.665739310646993,0.351217725691265,0.22997150997151,NaN,24.0747266666667,0.600776051381974,0.902741427245432,0.482904622437285,-0.154726280584404,-0.110175033551689,23.84156,0.550650184496505,0.982080200553544,0.505190720552416,0.0492716366752357,-0.0923670575856709,23.6494833333333,0.11539835185797,0.130878044435335,0.0861227146964683,0.089171974522293,-0.0697802361482013,23.9937066666667,7329.02530163321,2899.15948722428,39.7976310030395,13.9125604863222,0.66508172559985,30.1005033333333
5.75316666997969,0.54938795119989,0.78251418111722,0.445336251976164,0.0191976089205657,-0.0768093195619574,20.9546233333333,0.315642859371948,0.581867205805102,0.27310498844426,0.0854243795420264,NaN,21.37981,0.527988733688214,0.641988682842413,0.66018128547885,0.20945868945869,NaN,20.84839,0.50471131841825,0.938751744158552,0.50210110785687,-0.191691603590917,-0.111624771557856,21.8494166666667,0.474911231849324,0.984845957445868,0.496417338662,0.00556983718937443,-0.0935612475284455,21.0949733333333,0.0539339268553543,0.135657133781145,0.0817826723810555,0.0178654652788568,-0.0697086171776391,22.0313033333333,6941.83029631677,2894.98772099819,39.611956231003,12.9912121580547,0.665,30.1232833333333
5.88761111442,0.413576992534833,0.671951431091686,0.430195792289918,-0.0826531785262674,-0.0770634973460561,17.9000066666667,0.236106123403441,0.416498484910947,0.251759328988029,0.0282462635403811,NaN,19.74207,0.379795590047079,0.552471653846708,0.320911920893609,0.0257549857549859,NaN,18.6840633333333,0.470179482781962,0.920618795249457,0.50210110785687,-0.187819045942616,-0.112344573292566,20.7898133333333,0.399708199421033,0.989559418295542,0.50452857852295,-0.0472365038560413,-0.0944396173996503,19.4116366666667,0.0348158556129774,0.119534791018186,0.087343351597678,-0.013360260991145,-0.0695196639442157,20.5366866666667,6762.24017908681,2882.37023084176,39.8136893617021,12.5877458966565,0.663580066786983,30.0976466666667
5.95483333524317,0.361498477755914,0.623057340769701,0.412592727714946,-0.129325209794229,-0.0769586657003218,16.56538,0.162596061694782,0.394662142384492,0.232101586642084,0.00932400932400945,NaN,17.3852833333333,0.341898151881585,0.531969323791158,0.302050906427394,-0.0290598290598291,NaN,17.8205866666667,0.37305737356807,0.817461530611536,0.441328154845282,-0.219679633867277,-0.112760231013768,18.0818833333333,0.379415732012291,0.967633167388972,0.490741835552297,-0.0839760068551842,-0.0967983870812575,18.1604366666667,-0.0182796631283535,0.133780918989229,0.0953181793522486,-0.0983377349697063,-0.0688872773376038,18.4553666666667,6384.91026659711,2820.56946774086,40.0836705167173,11.4897556231003,0.662333079864299,30.1749666666667
6.08927777968347,0.317633730258557,0.54253144696789,0.3907637115408,-0.164961489826417,-0.076752674550341,16.3757833333333,0.0925765053732961,0.279932217361751,0.187722350619336,0.0193336075689017,NaN,16.49862,0.217206325180171,0.397928273161007,0.258286028199963,-0.096068376068376,NaN,17.5866466666667,0.350500043411897,0.695071335854274,0.399369667642939,-0.211934518570674,-0.112471299856515,18.39313,0.349848672288995,0.889041532305484,0.452928796083903,-0.105826906598115,-0.0974497638197802,17.3644733333333,-0.0501092051677439,0.067213945510332,0.0669994032441816,-0.112630107192792,-0.0703135717733731,18.1351133333333,6189.37636508203,2725.01025484995,39.1492747720365,11.3050844984802,0.661830659938156,30.0903133333333
6.15705555863678,0.289181912702019,0.520030656344815,0.377721026389396,-0.180250603517646,-0.0764817013213879,16.0067333333333,0.0607007986896249,0.240833279094691,0.171803993871562,0.0105580693815988,NaN,15.7674266666667,0.18388129570608,0.36314248282642,0.24102728438015,-0.127521367521367,NaN,17.2505633333333,0.303200021317036,0.668052000706658,0.385521456768114,-0.223816229537053,-0.110361739982055,17.7209066666667,0.277325572821145,0.672519884769377,0.382387022016222,-0.156491002570694,-0.0984366963318345,16.83195,-0.11757610556734,-0.0338150536760375,0.00528942657190901,-0.119465589560354,-0.0691173764607202,17.6766033333333,5788.61540773891,2488.88429614801,37.0034765957447,11.2167635258359,0.660472519628017,30.0736366666667
6.29150000307709,0.258316256981224,0.468670565305629,0.358993068223276,-0.196919186113346,-0.0763676284715541,15.8488533333333,0.0111875248329185,0.182428674372958,0.144433768729388,-0.0109694227341287,NaN,15.4011833333333,0.151001609496789,0.342359166097694,0.231459439663065,-0.165356125356125,NaN,16.8246633333333,0.22645211971852,0.585765451010164,0.342003056156883,-0.227512761837705,-0.109655460100053,17.7473833333333,0.274211024695542,0.961290915822115,0.474377468252654,-0.170308483290489,-0.0997197092427528,16.4282933333333,-0.108883768574787,0.0172969859533481,0.032604567894537,-0.125524312567966,-0.0681173698596845,17.27176,5835.49271829382,2594.89188313683,38.0542954407295,11.1384790273556,0.660083277928932,30.0723933333333
6.35872222390026,0.224961583085381,0.467605617178477,0.359357898577162,-0.208242326704219,-0.0747408619749048,15.4618366666667,0.00790507783100436,0.168606112311085,0.128255732426186,-0.0127519539284247,NaN,15.50249,0.119591480021005,0.326973392210671,0.213330891778063,-0.172136752136752,NaN,16.5642433333333,0.14730622105828,0.405022673804726,0.257513052336687,-0.159126914275656,-0.109361455823826,17.53335,0.173393340499093,0.488418625926768,0.287960839028543,-0.204263067694944,-0.100509256145815,16.1751766666667,-0.119158168717331,0.00756631095756788,0.0212119568165789,-0.126301071927917,-0.0677459403757128,16.9275266666667,5731.44296059401,2538.9234680922,37.7150626139818,11.1284425531915,0.659272615037992,30.12207
6.49261111300439,0.219727009367829,0.465705359300485,0.352182901617415,-0.230026439820669,-0.0750313170602467,16.4400933333333,-0.0246402653896666,0.118489976569197,0.103378431016126,-0.0204305498423145,NaN,15.5297566666667,0.100201328195334,0.285180444261803,0.201886101446622,-0.178461538461538,NaN,16.37092,0.0987754013413569,0.400968035428374,0.252896982045079,-0.15886287625418,-0.106184028277435,17.4210233333333,0.228583678392766,0.710332971044598,0.399839194078558,-0.195801199657241,-0.101890962357572,15.88583,-0.11417053059075,0.0083565600584925,0.0252807464872782,-0.126611775671897,-0.0692209959443044,16.7066133333333,5786.15382915073,2556.94120402801,37.671905775076,11.1244279635258,0.658937446691112,30.0715933333333
6.55983333662152,0.214961577751402,0.446304052837122,0.344703879362763,-0.235659271180596,-0.0758319694489908,17.5153966666667,-0.0426160489097417,0.111345905385861,0.0861876444467526,0.00425065130947488,NaN,15.6510366666667,0.0434993118147362,0.229745068019327,0.169749130195935,-0.190883190883191,NaN,16.2036166666667,0.091157748782277,0.373567612714207,0.246275308799185,-0.145572962506601,-0.109338649693725,17.19769,0.19238370841485,0.619448383984402,0.357864118996382,-0.198050556983719,-0.102384429358114,15.98271,-0.111670929570904,0.00143196001951518,0.0315195573156839,-0.136554295479261,-0.0689028959611928,16.5435,5862.12349676178,2604.4974539984,38.0322151975684,10.9959610942249,0.657461983722828,30.06793
6.69427778106183,0.201164628365104,0.4536282092824,0.344156633831935,-0.254052189906886,-0.0759741133347973,17.83568,-0.0575313522739822,0.0673998039332939,0.0704770313433223,-0.00534759358288772,NaN,15.6697633333333,0.0224049472645773,0.201356201822223,0.148416041018129,-0.192820512820513,NaN,16.07222,-0.0141846258786844,0.268631522293188,0.163695403030689,-0.147773279352227,-0.10855295139338,17.0817433333333,0.164436104339986,0.462614020190896,0.287535176295316,-0.205548414738646,-0.10287789536597,15.9143066666667,-0.114739573344405,-0.00344360904555374,0.0127759995659957,-0.13500077675936,-0.0681238475514372,16.3351166666667,5797.93132998245,2531.70149452589,37.451103343465,11.0160340425532,0.656961683287988,30.09277
6.76205555722117,0.154286015991189,0.444094393767367,0.333941383923142,-0.255431658811358,-0.0755234923621086,17.87593,-0.0835140134836241,0.0414517605941147,0.0554415850840062,0.0172768408062525,NaN,15.58064,-0.00535026926031323,0.161551723963071,0.129005676616005,-0.186552706552707,NaN,15.9509666666667,-0.02737313402679,0.199977961072133,0.150643066344073,-0.154110191867629,-0.109581960981195,16.8490766666667,0.129281257514783,0.468347646009183,0.256059781966089,-0.209940017137961,-0.103667441276346,15.68481,-0.082033084934009,0.0213637192856519,0.0351543427548417,-0.112630107192792,-0.0687200397541153,16.21261,6010.75392844806,2570.66523557962,37.9157920972644,11.3050844984802,0.655009397307829,30.1859333333333
6.89650000166148,0.0800592256349049,0.348723011712961,0.304694150553326,-0.246465110932291,-0.0753478435896635,16.13245,-0.08936824953369,0.034257148316325,0.0518839751746345,0.0117235705470999,NaN,15.72183,-0.0148401560324073,0.138429633836717,0.115912836476836,-0.181880341880342,NaN,15.83658,-0.0275236353296943,0.183890207608713,0.139309817903986,-0.14187643020595,-0.109140954566856,16.67981,0.136755629092445,0.47408127182747,0.287889895239672,-0.203727506426735,-0.103746396731019,15.72306,-0.0545877720377673,0.0293032151933572,0.0661313947810991,-0.122572627000155,-0.0677352718201367,16.1576833333333,6205.22875625353,2678.94535729632,38.5069404255319,11.1766176291793,0.655,30.1326633333333
6.96372222527862,0.0600177848953232,0.343699524722831,0.297397543475617,-0.267042188757328,-0.0751195631102436,15.8927533333333,-0.105335910364343,-0.00220530147468745,0.0324339764730321,0.013986013986014,NaN,15.6429066666667,-0.0309416364952905,0.0998997610681014,0.0977842885918332,-0.174245014245014,NaN,15.77149,-0.0600613659627762,0.163721133777159,0.120972876607666,-0.0954937511001583,-0.109340335482721,16.44459,0.138345604759049,0.40932852963183,0.268545888807435,-0.213796058269066,-0.103864827977294,15.7243133333333,-0.0491390348214172,0.0372427111010625,0.0346389627298866,-0.124902905080006,-0.0676624335128173,16.0815733333333,6251.99427798935,2644.80198034809,38.1054814589666,11.1465082066869,0.654738870943639,30.06835
7.09816666971892,0.0283194259822406,0.287299066930387,0.264988447038794,-0.26002988849293,-0.0752654637413256,15.62826,-0.0981991181469477,-0.00578717378426763,0.0272923212755458,0.0099410393528041,NaN,15.57575,-0.0435402222566355,0.0747613413755446,0.0825398278703535,-0.16991452991453,NaN,15.75725,-0.0641425210857196,0.145733099401614,0.123042149497008,-0.0624889984157719,-0.110830623398268,16.31596,0.123907306176485,0.4300138133697,0.280393501548939,-0.210154241645244,-0.103864828374368,15.9675833333333,-0.0352904298770969,0.0283013149729001,0.0383551239624587,-0.115737144632593,-0.0679946259175117,15.98024,6326.064078751,2693.41468968676,38.3915209726444,11.2649386018237,0.653397010346608,30.0716033333333
7.16594444587827,0.0137279634165901,0.298604553449606,0.264927641979813,-0.254167145648925,-0.0750900051021893,15.4870833333333,-0.106273786348712,-0.0216742156205336,0.0168012672362305,0.0200877553818728,NaN,15.4780966666667,-0.0477330168556217,0.0963319222644115,0.0779161325764512,-0.161538461538462,NaN,15.6713666666667,-0.0783771120359049,0.0886127829592647,0.0779956704444162,-0.0776271783136772,-0.111810642472193,16.2076666666667,0.0823666382048436,0.427023106982523,0.269515453922009,-0.209725792630677,-0.104259601577727,15.78818,-0.0397672493698856,0.0385667707545552,0.0387620029295286,-0.116979959608513,-0.066791723880708,15.9045566666667,6304.03553306496,2650.36841898313,38.2771051671733,11.2488802431611,0.653199003223682,30.2213666666667
7.30038889031857,0.0061208219311244,0.249845463328053,0.245470023105922,-0.252557765260375,-0.0753323241747559,15.29256,-0.107191544043865,-0.0242260793408563,0.0152951258147445,0.0170026052378993,NaN,15.61318,-0.0571499199768847,0.064988025599156,0.0732008789598975,-0.156296296296296,NaN,15.54688,-0.0667438766155649,0.051638271866163,0.0585763402521329,-0.0403098046118641,-0.110958197268239,16.0481833333333,0.0586296108827609,0.294268258240392,0.20401068886419,-0.217437874892888,-0.105049147984446,16.1992066666667,-0.0352223419577395,0.0495299607889892,0.0356968480442683,-0.112940810936772,-0.0684190837001191,15.8357966666667,6316.68921072345,2681.23892265137,37.8836753799392,11.3010699088146,0.653598337032542,30.0496033333333
7.36761111393571,0.00727882156285076,0.269221335558496,0.245470023105922,-0.248189447062881,-0.0755419874662244,16.1161466666667,-0.114377637154632,-0.0324085445517639,0.00433664857565774,0.0265322912381736,NaN,15.7401366666667,-0.0676010746377482,0.0716196509394,0.0635414759201613,-0.146609686609687,NaN,15.52164,-0.0893013476237782,0.0197449060167727,0.0384566407742266,-0.0232353458898081,-0.113659135170407,15.7877433333333,0.0512729115858797,0.277441986255916,0.186842291957339,-0.227934875749786,-0.105443921187806,16.21344,-0.0195734201603623,0.0458787868267854,0.0393045082189551,-0.110299829112941,-0.0675009818331958,15.80568,6450.10199778154,2663.9259299145,38.1636930091185,11.3351939209726,0.651624299656294,30.1237033333333
7.50205555837601,0.00916128530996074,0.255079730792219,0.241700109449106,-0.234739625244281,-0.0755591925804687,16.45684,-0.11906039225037,-0.0561628098549889,-0.0091666883066297,0.0198820787056082,NaN,15.4463866666667,-0.0636730304360466,0.0403930494395681,0.0519135689434169,-0.144615384615385,NaN,15.5245033333333,-0.118134625260155,-0.0124116953366018,0.0233668661657966,-0.0536877310332687,-0.114828388983433,15.7006833333333,0.0447121554497389,0.265712760866268,0.191240806867359,-0.232005141388175,-0.105838694391165,16.3631933333333,-0.0292187605643337,0.00595333632465933,0.0231921011229859,-0.111076588472891,-0.0667463172755789,15.79675,6325.33415114454,2620.53681220616,37.7662486322188,11.3251574468085,0.650912292368352,30.0968033333333
7.56872222386301,0.00466289277155241,0.239541738122903,0.240119177915602,-0.229336705368433,-0.0754988677205622,16.63542,-0.121577945563595,-0.0609027099283721,-0.012646394349373,0.0204305498423145,NaN,15.4365733333333,NaN,NaN,NaN,NaN,NaN,15.3678733333333,NaN,NaN,NaN,NaN,NaN,15.6482033333333,0.051248992003605,0.276370327422038,0.189963818667676,-0.214652956298201,-0.106036080992844,16.5178866666667,-0.020304939888381,0.000361461938985563,0.00916833939130912,-0.101289420537517,-0.0678800354039849,15.7348766666667,6424.66369339892,2574.49730933148,37.2694431610942,11.4516170212766,0.65076373927175,30.1224866666667
7.70316666830331,0.00358661628988743,0.250106852251987,0.239875957679679,-0.226692723301529,-0.0753172522805897,16.8063333333333,-0.123412535586549,-0.0555308936178129,-0.0147238307928017,0.0143973673385438,NaN,15.6771,NaN,NaN,NaN,NaN,NaN,15.4203566666667,NaN,NaN,NaN,NaN,NaN,15.56478,0.0562113544470411,0.30147285684297,0.205098493626883,-0.226221079691517,-0.106825627399563,16.53086,-0.0590371633348249,-0.00594719557933643,0.00358053491021537,-0.111231940344881,-0.0670638756951084,15.7242866666667,6180.71337929881,2516.19820253773,36.878020668693,11.3231501519757,0.6492,30.0776833333333
7.77094444725662,0.0111209261201222,0.263868457232129,0.239055089383437,-0.223588918266467,-0.0754946934689263,16.50112,-0.121921449627947,-0.0613283091429233,-0.0169311070139447,0.0116550116550116,NaN,15.5692366666667,NaN,NaN,NaN,NaN,NaN,15.4455433333333,NaN,NaN,NaN,NaN,NaN,15.5236633333333,0.0729201383641975,0.320972344852133,0.2109868281032,-0.227934875749786,-0.107417787204602,16.59842,-0.063924396345852,-0.0293108928409094,0.00531655183638025,-0.109134690073015,-0.067699462334855,15.6587833333333,6145.72526031671,2509.65577961139,36.9322176291793,11.3502486322188,0.648747128791972,30.2063
7.90538889169693,0.00695159250772526,0.245334929611186,0.238963881794965,-0.214622370387401,-0.0753898618231921,16.80998,-0.124679338706249,-0.0712326964164621,-0.0228258329221741,0.0138488962018373,NaN,15.5444233333333,NaN,NaN,NaN,NaN,NaN,15.6836,NaN,NaN,NaN,NaN,NaN,15.5456633333333,0.0726354072198216,0.324313607689795,0.222361482252229,-0.217223650385604,-0.108009947009641,16.7021566666667,-0.0585522018496429,-0.0260529974550461,-0.000895133727553898,-0.100201957433587,-0.0683457156066396,15.64658,6130.02306362147,2504.97414818943,36.7314881458967,11.4656680851064,0.648966112622649,30.0614133333333
7.9726111125201,0.0022613041940156,0.240227411358886,0.238295026146175,-0.207954937349121,-0.0751801985317222,16.8803733333333,-0.130325980701132,-0.0645429168140966,-0.0249552052766887,0.0104209515974223,NaN,15.5257033333333,NaN,NaN,NaN,NaN,NaN,15.73037,NaN,NaN,NaN,NaN,NaN,15.4182966666667,0.07674008017721,0.28402590921646,0.201504008324071,-0.20694087403599,-0.107812560407962,16.68917,-0.041663011014668,-0.0087270658628531,0.006862691911246,-0.113562218424732,-0.067283840646485,15.6417033333333,6300.27632790577,2525.05237746836,36.9081300911854,11.2930407294833,0.646959690070626,30.0776766666667
8.1070555569604,0.00874390404508141,0.260237382819214,0.235437188374073,-0.187377859524083,-0.0750753668859879,16.96542,-0.11921014795471,-0.0648414523525194,-0.0249552052766887,0.0138488962018373,NaN,15.5338666666667,NaN,NaN,NaN,NaN,NaN,15.5387233333333,NaN,NaN,NaN,NaN,NaN,15.26534,0.0652468557508501,0.276901499449341,0.190862439993379,-0.197943444730077,-0.108128378891235,16.6928033333333,-0.0421580258999606,-0.0202446743583459,0.0638528725655074,-0.111697995960851,-0.0685809912590667,15.67262,6264.04137089384,2585.79251783421,37.7291136778116,11.3171282674772,0.646692358551137,30.1196166666667
8.17427778057754,0.0121056074991694,0.256852440928864,0.238203818557704,-0.181055293711921,-0.0750794414546343,17.0377966666667,-0.128696145640017,-0.0629404339493984,-0.0277597444753175,0.0353763883175646,NaN,15.42476,NaN,NaN,NaN,NaN,NaN,15.60305,NaN,NaN,NaN,NaN,NaN,15.3458666666667,0.0685427814546415,0.279847592629823,0.192234019911557,-0.189374464438732,-0.108207333611321,16.74002,-0.0499444228612952,-0.0317622828538385,-0.0193945640970001,-0.100823364921547,-0.0652918273715032,15.6860466666667,6271.24778247397,2478.6200356832,36.0981866261398,11.4576389057751,0.646166776804917,30.11879
8.30927778035402,0.0150449672062485,0.283731272605248,0.239511127325793,-0.170709276928383,-0.0752532412887187,17.18995,-0.126749111813513,-0.0704288691097297,-0.0294736295411464,0.0300287947346769,NaN,15.55628,NaN,NaN,NaN,NaN,NaN,15.6388633333333,NaN,NaN,NaN,NaN,NaN,15.3145433333333,0.0773271482688753,0.27766038124488,0.19445692529619,-0.208226221079692,-0.108207333611321,16.76525,-0.0237030553881117,-0.0105749922314796,0.00385178755492865,-0.0745688985552275,-0.0683655244989084,15.6730133333333,6437.2295161145,2500.20176080958,36.7455392097264,11.7968717325228,0.645559373742715,30.0996666666667
8.37650000117719,-0.017881114267666,0.256028888293249,0.240788033564393,-0.176916886998505,-0.0744809899665879,17.2428433333333,-0.124862457800169,-0.0864491363025097,-0.0306162195850321,0.0111065405183051,NaN,15.5847133333333,NaN,NaN,NaN,NaN,NaN,15.5029433333333,NaN,NaN,NaN,NaN,NaN,15.2860766666667,0.0713895989901396,0.295973449706513,0.196679830680824,-0.21636675235647,-0.108404720213,16.7908733333333,-0.0553446443497821,-0.0207491582710031,-0.0318993110182824,-0.086530992698462,-0.0692590934389653,15.6713966666667,6201.845424243,2491.43583846493,35.3173489361702,11.6423100303951,0.644494542089594,30.1330433333333
8.5109444456175,-0.0489464641429656,0.219590799389532,0.221695245044388,-0.181745028164157,-0.073628046401661,15.8524733333333,-0.120911189519088,-0.0795003637929242,-0.0313952582513179,0.0355135061017413,NaN,15.57169,NaN,NaN,NaN,NaN,NaN,15.7486533333333,NaN,NaN,NaN,NaN,NaN,15.2856966666667,0.0662811304780955,0.311093066593111,0.201645895901814,-0.200514138817481,-0.108799493416359,16.8519166666667,-0.0327986609542051,-0.0309233243105265,-0.0122606195410405,-0.0585676557402517,-0.0652753188745958,15.6575733333333,6359.50442082198,2482.66991612027,36.4313975683891,12.003623100304,0.643694352419161,30.0858433333333
8.57816666923463,-0.0500182895403565,0.248697524790863,0.220175118569865,-0.184274054489022,-0.0734183831101912,15.5611366666667,-0.129471023650606,-0.0763979869194445,-0.0319665532732609,0.0436034553681612,NaN,15.49637,NaN,NaN,NaN,NaN,NaN,15.6685466666667,NaN,NaN,NaN,NaN,NaN,15.40244,0.0666573201330816,0.301589056078965,0.199966892898527,-0.191945158526135,-0.109391653221399,16.88694,-0.0127139983978154,-0.0221726918527499,-0.01510877231053,-0.0480037284449278,-0.0669388229135329,15.6477766666667,6512.66335056593,2481.85130765942,36.2457227963526,12.1401191489362,0.6428,30.0724233333333
8.71316666901112,-0.0452537920339544,0.266756228127558,0.218867809801776,-0.164271755374181,-0.0736891533040844,15.3544133333333,-0.129026973515178,-0.0636676461373804,-0.0303046041185179,0.0430549842314549,NaN,15.4093366666667,NaN,NaN,NaN,NaN,NaN,16.2606433333333,NaN,NaN,NaN,NaN,NaN,15.2258666666667,0.0670335097880677,0.318878592619775,0.213990115165417,-0.208976006855184,-0.109391653717742,16.93043,-0.0837028651333879,-0.0624413290792859,-0.0378668692019748,-0.0508000621407488,-0.0649795995880643,15.6372033333333,6015.28192586156,2456.25361270324,35.4116917933131,12.1039878419453,0.64223967733036,30.1179833333333
8.78038889262825,-0.0351576413041641,0.236175146985147,0.219992703392922,-0.156799632141626,-0.0740847781653065,16.0445133333333,-0.128830588101523,-0.0720651681507232,-0.0311355786958893,0.0595091183326477,NaN,15.3991566666667,NaN,NaN,NaN,NaN,NaN,15.34424,NaN,NaN,NaN,NaN,NaN,15.36745,0.0730431222504579,0.310729396700804,0.19351100811124,-0.202977720651243,-0.109589039823079,16.95687,-0.109863581996276,-0.101432549048858,-0.053165518363804,-0.0436538760292061,-0.0652331616578201,15.6677533333333,5929.76885880789,2300.11807623543,34.6559452887538,12.1963234042553,0.6417469382594,30.1070166666667
8.91483333706856,-0.0283038889939118,0.230416109901464,0.217560501033686,-0.145189102195655,-0.0741896098110432,16.2948333333333,-0.130200256898023,-0.0712562297650072,-0.027292321275546,0.0465514877279583,NaN,15.3938833333333,NaN,NaN,NaN,NaN,NaN,16.1259366666667,NaN,NaN,NaN,NaN,NaN,15.34874,0.0537972960386708,0.294346729090595,0.196206872088349,-0.212510711225364,-0.109243613021967,17.0264466666667,-0.0527073133057615,-0.0225310955013249,-0.00664568979547553,-0.0424110610532857,-0.0658533559487976,15.7002933333333,6237.89297628132,2524.77835040967,36.5929848024316,12.2123817629179,0.641197057809249,30.0654733333333
8.98205555789173,-0.0281305091126777,0.229454722096863,0.213729782317889,-0.151511668007817,-0.0738231607569972,16.44868,-0.125466148116941,-0.0672952505351564,-0.0311875146069751,0.0552584670231728,NaN,15.5021266666667,NaN,NaN,NaN,NaN,NaN,15.5237066666667,NaN,NaN,NaN,NaN,NaN,15.2962466666667,0.0555515822023209,0.343050745731037,0.220067633078724,-0.207369323050557,-0.108996880018039,17.07853,-0.0980838300351595,-0.0709705652588786,-0.0503716161232572,-0.0281186888302004,-0.0657334817069261,15.6896933333333,5867.23240972945,2331.90610018831,34.6559452887538,12.397052887538,0.640539867029436,30.0964233333333
9.11650000233203,-0.024188698951088,0.263834502101348,0.212331265961328,-0.145304057937694,-0.0736497545008187,16.5573133333333,-0.124626312213135,-0.0727191363403166,-0.0286426549637748,0.0523789935554639,NaN,15.5204366666667,NaN,NaN,NaN,NaN,NaN,15.39671,NaN,NaN,NaN,NaN,NaN,15.44311,0.0720251808578416,0.343078791978912,0.222172298815239,-0.205334190231363,-0.108454066615249,17.1354666666667,-0.0840237262351176,-0.0674934489382623,-0.039033255574242,-0.0219046139505981,-0.0650863656411724,15.7108766666667,5947.4967847529,2293.45203989855,35.0323130699088,12.4773446808511,0.638913810881335,30.0858433333333
9.18372222594917,-0.0159019130034377,0.224101199471842,0.211023957193238,-0.139556270835728,-0.0738510341793212,16.6708233333333,-0.127669331718408,-0.0760099555839518,-0.0286426549637748,0.0706156588509528,NaN,15.5566133333333,NaN,NaN,NaN,NaN,NaN,15.3800633333333,NaN,NaN,NaN,NaN,NaN,15.2311266666667,0.0672039100071333,0.353742405919728,0.22281079291508,-0.207904884318766,-0.108404720213,17.1248766666667,-0.0834810550208512,-0.0753471660559746,-0.0442684316172083,-0.0438092279011962,-0.0652596755968511,15.67789,5982.39177536494,2334.02802645505,35.0955428571429,12.1943161094225,0.639196772154081,30.2099633333333
9.25094444677234,-0.0160778689999764,0.21084364454167,0.214337832907698,-0.140590872514082,-0.0737951812350209,16.7619533333333,-0.120643742209391,-0.0689606336376727,-0.0332130151393182,0.0856986151103798,NaN,15.68156,NaN,NaN,NaN,NaN,NaN,15.4251933333333,NaN,NaN,NaN,NaN,NaN,15.30031,0.0926817696524758,0.301752699171691,0.198216946106368,-0.188838903170523,-0.108207333611321,17.1187966666667,-0.0846009705414187,-0.085777102416111,-0.0506699940324418,-0.0330899487338823,-0.0649765502981975,15.6921833333333,5985.56201641391,2327.61882303316,34.7944486322189,12.3328194528875,0.638872804995804,30.0939833333333
9.38483333587646,-0.00952233489029608,0.220278329528222,0.214337832907698,-0.126911139211404,-0.0736497545008187,16.82218,-0.121655697962882,-0.0688583728997337,-0.0346672206497183,0.0821335527217879,NaN,15.6966166666667,NaN,NaN,NaN,NaN,NaN,15.3710666666667,NaN,NaN,NaN,NaN,NaN,15.4683366666667,0.0924077543995836,0.322228161637133,0.195639321777378,-0.186375321336761,-0.108996880018039,17.0980466666667,-0.0762645068860922,-0.0876036185299852,-0.0529756415125048,-0.0318471337579617,-0.0635066746254908,15.69664,6035.4114495407,2326.00544753003,34.5846863221885,12.3488778115502,0.637702515579581,30.0834266666667
9.45150000136346,-0.0105310906983839,0.226479313357085,0.218776602213304,-0.124841935854696,-0.0736497545008187,16.86536,-0.124496692584095,-0.0849596628403394,-0.0348230283829755,0.0675990675990676,NaN,15.4353366666667,NaN,NaN,NaN,NaN,NaN,15.4072966666667,NaN,NaN,NaN,NaN,NaN,15.3491433333333,0.111262002998837,0.331683816676267,0.207747061744744,-0.195372750642674,-0.109391653221399,17.19727,-0.0772338650106169,-0.107468536447058,-0.0599197092171649,-0.0422557091812956,-0.065676589445847,15.72226,6078.00961002654,2279.72030728765,34.4772960486322,12.2143890577508,0.637,30.0663
9.58594444580376,-0.0104782911358611,0.26274768587877,0.213182536787061,-0.123807334176342,-0.0736497545008187,16.9019733333333,-0.12878153228515,-0.0803123768878526,-0.0356020670492612,0.075826134649664,NaN,15.6364,NaN,NaN,NaN,NaN,NaN,15.4134366666667,NaN,NaN,NaN,NaN,NaN,15.2498833333333,0.0799141380131372,0.290185226810086,0.198311537824864,-0.198800342759212,-0.109075835135201,16.9287233333333,-0.0746705245279145,-0.112481925735042,-0.0640698746812781,-0.0344881155817928,-0.0656229543822255,15.7368866666667,6052.37749989889,2259.70876511041,34.0637933130699,12.3147537993921,0.636360797364152,30.2701833333333
9.65372222475708,-0.00531642291657064,0.234980732636543,0.211966435607443,-0.115243131394413,-0.0736497545008187,16.91256,-0.124201682913403,-0.0798214347711728,-0.0341997974499468,0.0736322501028384,NaN,15.6721766666667,NaN,NaN,NaN,NaN,NaN,15.5167733333333,NaN,NaN,NaN,NaN,NaN,15.3060333333333,0.0833052143462649,0.3386360766176,0.215361695083595,-0.213367609254499,-0.108996880018039,15.8443466666667,-0.0754282829125813,-0.104473706714552,-0.0579938154397006,-0.0438092279011962,-0.0663519484567957,15.73121,6055.02558659443,2272.62981765522,34.3518401215806,12.1943161094225,0.634783388737735,30.1766
9.78816666919738,-0.00329232226104537,0.246559417772858,0.213425757022984,-0.109207954937349,-0.0736497545008187,16.9569066666667,-0.117360019315477,-0.083359744734044,-0.0369004648264043,0.0633484162895928,NaN,15.6547066666667,NaN,NaN,NaN,NaN,NaN,15.5651833333333,NaN,NaN,NaN,NaN,NaN,15.4561633333333,0.0746637215356629,0.313910320820605,0.201456712464824,-0.210796915167095,-0.111010223990492,15.5599033333333,-0.0734898566210249,-0.106312155559454,-0.0439158031790811,-0.0203510952306974,-0.0662562539488148,15.73447,6091.10507156254,2329.48291924266,34.8847768996961,12.4974176291793,0.634323208366203,29.9597166666667
